date,stock_symbols,body,score
Fri Jul 10 21:47:36 UTC 2009,"AAPL,GOOG",<very positive>@dustin I&amp;#39;m long $aapl or at least until $goog OS is out next year.</very positive>,4
Fri Jul 10 22:26:10 UTC 2009,GOOG,<negative>@chris $goog os is a major fail waiting to happen.</negative>,-3
Sat Jul 11 05:35:10 UTC 2009,GOOG,<neutral>$GOOG nice rally off breakdown</neutral>,0
Sat Jul 11 23:36:50 UTC 2009,GOOG,<neutral>$GOOG</neutral>,0
Fri Aug 21 15:54:06 UTC 2009,"GOOG,T",<neutral>Interesting article about $T&#39;s resistance against $GOOG Voice --&gt;  http://bit.ly/5Xw4v (ht @fentoni22)</neutral>,0
Sun Aug 23 15:18:30 UTC 2009,"GOOG,YHOO",<neutral> Yahoo Finance gets it; Google Finance doesn&#39;t http://bit.ly/zPUcC $YHOO $GOOG $$</neutral>,0
Mon Aug 31 21:40:14 UTC 2009,GOOG,"<neutral>RT @sayemislam &quot;if the internet was a human body, $FBOOK would be the brain, $GOOG would be the spine, and $TWIT would be the mouth&quot;</neutral>",0
Tue Sep 01 14:48:56 UTC 2009,GOOG,<neutral>$goog</neutral>,0
Tue Sep 01 17:11:47 UTC 2009,GOOG,"<neutral>Our $GOOG $400 puts purchased on Friday at $3.60, now trading at $5.00, thats what happens when you follow the rules.</neutral>",0
Tue Sep 01 20:20:21 UTC 2009,GOOG,<neutral>Jim Cramer is going to recommend buying $GOOG tonight...  b/c gmail is down and he needs the extra $$ before he sells all of his shares</neutral>,0
Tue Sep 01 20:21:07 UTC 2009,GOOG,<neutral>someone at $GOOG with a little bit of an itchy trigger finger on the gmail maintenance planned for 5PM pacific</neutral>,0
Tue Sep 01 20:51:41 UTC 2009,GOOG,<neutral>OMG $GOOG WHERE IS MY EMAIL??? </neutral>,0
Tue Sep 01 20:57:20 UTC 2009,GOOG,<neutral>^^lol. and mine? RT @bnkr0 OMG $GOOG WHERE IS MY EMAIL??? </neutral>,0
Tue Sep 01 21:12:31 UTC 2009,GOOG,<neutral>Who needs $goog gmail you got StockTwits Desktop direct messages.</neutral>,0
Tue Sep 01 21:18:23 UTC 2009,GOOG,"<very negative>I&#39;m sweating and itching like James Frey. This Gmail outage has left me confused, angry, hurt. $GOOG #FAIL</very negative>",-7
Tue Sep 01 23:51:47 UTC 2009,GOOG,<negative>Anyone else notice how $GOOG blamed YOU for their #GFAIL? &quot;Unable to reach Gmail.  Please check your internet connection.&quot;</negative>,-2
Wed Sep 02 00:16:22 UTC 2009,GOOG,<neutral>Traders - Tonight&#39;s Trading Videos are Posted -- A look at $GOOG and StockTwits -  http://bit.ly/3oPAfL</neutral>,0
Wed Sep 02 13:37:53 UTC 2009,"GOOG,MSFT,YHOO","<positive>$msft PE 14.8, $goog PE 31, $yhoo PE 787 ?? such good move turning down 35/shr</positive>",2
Wed Sep 02 20:25:14 UTC 2009,"GOOG,NFLX",<neutral>YouTube in talks to stream movies for rentals. $GOOG $APPL $NFLX</neutral>,0
Thu Sep 03 01:25:26 UTC 2009,GOOG,<neutral>$GOOG Gmail crash explained on the Gmail blog --&gt;  http://bit.ly/24TbqI</neutral>,0
Thu Sep 03 07:17:10 UTC 2009,GOOG,<neutral>howdy $GOOG</neutral>,0
Thu Sep 03 12:17:13 UTC 2009,GOOG,<positive>I am interested to buy $GOOG volatility ... any suggestions on well priced Straddle and/or other ways to do it?</positive>,1
Fri Sep 04 17:33:57 UTC 2009,GOOG,<positive>A Look at Daily Google $GOOG Trend and Support Levels http://bit.ly/19ZEIw #mkt</positive>,1
Fri Sep 04 19:06:13 UTC 2009,GOOG,<neutral>Testing $GOOG</neutral>,0
Tue Sep 08 12:10:00 UTC 2009,"AAPL,GOOG,RIMM,SQNM,SRS,SVA","<positive>positioned pretty good this morning. $SVA,$SQNM,$AAPL,$GOOG,$RIMM.  still looking to add to my short position $SRS</positive>",1
Tue Sep 08 12:58:27 UTC 2009,"AAPL,BAC,C,END,FRE,GOOG,TI,TIVO","<neutral>$GOOG, $TI, $C, $BAC, $FRE, $AAPL, $TIVO, $END -&quot;Fastest Growth &amp; Decline in Tweets over the Labor day weekend&quot; - http://chart.ly/c6hwn9</neutral>",0
Tue Sep 08 13:00:09 UTC 2009,"AAPL,GLD,GOOG,QQQQ,SPY,UNG","<neutral>$AAPL 170.31, $GLD 97.53, $SPY 102.06, $UNG 9.54, $GOOG 461.10, $QQQQ 40.36 - Fueled by NASDAQ Last Sale http://bit.ly/datajunkies</neutral>",0
Tue Sep 08 14:00:08 UTC 2009,"AAPL,AIG,GLD,GOOG,SPY,UNG","<neutral>$GLD 98.20, $AAPL 172.50, $AIG 36.75, $SPY 102.59, $UNG 9.72, $GOOG 462.94 - Fueled by NASDAQ Last Sale http://bit.ly/datajunkies</neutral>",0
Tue Sep 08 18:46:02 UTC 2009,GOOG,"<neutral>@Longhorn1 however if you ahve ST Desktop open, you can type your messages there. use a symbol ($GOOG, fex) or $$ to send to STockTwits Web</neutral>",0
Tue Sep 08 20:07:16 UTC 2009,"FBOOK,GOOG,TWIT","<neutral>RT @alexiskold Real-Time Web has become core part of many Internet products in 2009: $twit, FriendFeed, $fbook, $goog http://bit.ly/3Ejhki </neutral>",0
Thu Sep 10 01:35:46 UTC 2009,GOOG,<neutral>$GOOG getting in the solar game? --&gt;  http://bit.ly/4AKI5m</neutral>,0
Fri Sep 11 09:37:27 UTC 2009,GOOG,<neutral>RT @BusinessChannel $GOOG is planning to introduce a micropayment system for newspapers. http://bit.ly/5RPgv</neutral>,0
Fri Sep 11 16:46:54 UTC 2009,GOOG,<positive>@pcdunham love that you used the new $goog search function - currently looking at market top searchs to spx </positive>,3
Tue Sep 15 00:05:50 UTC 2009,"GOOG,RIMM",<neutral>$RIMM $GOOG</neutral>,0
Tue Sep 15 19:24:23 UTC 2009,"BIDU,GOOG",<positive>chinese saerch giant $bidu nearing all-time highs while $goog still 30 plus percent below...wow on $bidu a quadruple off march lows </positive>,1
Wed Sep 16 13:48:54 UTC 2009,"BIDU,GOOG",<neutral>$BIDU and $GOOG continue to make new 52 week highs</neutral>,0
Wed Sep 16 14:45:36 UTC 2009,"BIDU,GOOG",<very positive>congrats china and $bidu for doing search and managing your stock better than $goog.  i am long with $400 stop.  never thought possible</very positive>,4
Wed Sep 16 14:48:33 UTC 2009,"BIDU,GOOG",<neutral>RT @howardlindzon congrats china and $bidu for doing search and managing your stock better than $goog.  Never say never :-)</neutral>,0
Wed Sep 16 16:03:12 UTC 2009,"AAPL,AMZN,BIDU,GOOG","<neutral>$bidu is about 7% below its all time high, $GOOG - 54% below; $AAPL - 12% below, $AMZN -13% below </neutral>",0
Wed Sep 16 16:52:02 UTC 2009,"GOOG,YHOO","<positive>RT @ericjackson RT @josephtartakoff: $Goog Wants To Hire $Yhoo Talent, http://cnt.to/hQY //too late, there&#39;s precious little talent left</positive>",3
Wed Sep 16 17:55:01 UTC 2009,GOOG,"<positive>RT @graubart $GOOG acquires reCaptcha, maybe buying Brightcove for $500-700M  http://bit.ly/T6DJL  - i am making calls on brightcove...wow</positive>",2
Thu Sep 17 14:11:13 UTC 2009,GOOG,<negative>$GOOG could see some pressure here @ 499 - 503</negative>,-1
Thu Sep 17 15:29:29 UTC 2009,"BIDU,GOOG",<neutral>The Man Who&#39;s Beating Google: http://bit.ly/ZiV3F Baidu racks up 8 billion searches &amp; 145 million unique visitors each month. $BIDU $GOOG</neutral>,0
Thu Sep 17 18:39:17 UTC 2009,GOOG,<positive>$GOOG Sep. 490 calls volume 17K vs. open interest of 6860.</positive>,2
Fri Sep 18 13:53:00 UTC 2009,GOOG,"<very positive>@ppearlman Phil -- I&#39;d like 500 shares of $GOOG transferred to my account at Schwab, thanks!</very positive>",4
Sat Sep 19 02:30:54 UTC 2009,GOOG,<neutral>Interested to see how the $GOOG Doubleclick Ad Exchange turns out -  http://bit.ly/JCKFD</neutral>,0
Mon Sep 21 16:04:40 UTC 2009,"GOOG,MSFT",<positive>$GOOG $MSFT weird that &quot;competition&quot; means &quot;giving away free stuff&quot; - love potential of Office Webapps</positive>,1
Mon Sep 21 16:10:20 UTC 2009,GOOG,<very positive>Watching $GOOG for a break &amp; hold above 500.  WIll enter bullish position if break &amp; hold takes place.  </very positive>,5
Mon Sep 21 18:58:53 UTC 2009,"BIDU,GOOG",<negative>$goog playing cathc-up to $bidu which makes sense in this retarded tape.  </negative>,-2
Tue Sep 22 03:03:04 UTC 2009,"AAPL,BIDU,C,ETFC,GOOG","<neutral>Holding these: $C $ETFC $GOOG - Waiting for these to pullback to get back in:  $AAPL in 170s, $BIDU in mid 300s.  Thoughts? #AmateurInvestor</neutral>",0
Tue Sep 22 13:28:22 UTC 2009,GOOG,"<very negative>Google- $GOOG October volatility low at 34; shares above $500 in pre-open, a 13-month high CBOE</very negative>",-4
Tue Sep 22 13:43:55 UTC 2009,GOOG,<neutral>$GOOG hovering around 500$</neutral>,0
Tue Sep 22 15:08:47 UTC 2009,GOOG,"<neutral>$GOOG battling 500 today. I think it&#39;s going higher, but not pulling the trigger just yet. Developing...</neutral>",0
Tue Sep 22 17:51:58 UTC 2009,GOOG,"<very positive>$$GOOG getting weak? long run, may b time for profit taking!</very positive>",4
Tue Sep 22 17:56:19 UTC 2009,"AIG,GOOG",<very negative>$$GOOG and $$AIG going short here</very negative>,-4
Tue Sep 22 18:04:12 UTC 2009,GOOG,"<very negative>$$GOOG short, AIG short, dumb idea for now</very negative>",-10
Wed Sep 23 14:30:27 UTC 2009,GOOG,<positive>$goog launches a universal web commenting system...interesting... http://bit.ly/teFyZ anyone try that out yet?</positive>,1
Wed Sep 23 16:37:20 UTC 2009,GOOG,<neutral>$GOOG chrome frame is announced --&gt;  http://bit.ly/1yksg9 #google</neutral>,0
Thu Sep 24 13:59:32 UTC 2009,GOOG,<neutral>Got in $GOOG Oct 520 calls</neutral>,0
Thu Sep 24 14:48:53 UTC 2009,GOOG,<neutral>$GOOG should rename Gmail to GFail</neutral>,0
Thu Sep 24 14:49:13 UTC 2009,GOOG,<neutral>RT @zerobeta $GOOG should rename Gmail to GFail</neutral>,0
Thu Sep 24 15:05:08 UTC 2009,GOOG,<negative>I strongly suspect $GOOG sync wasn&#39;t quite ready for prime time</negative>,-2
Thu Sep 24 18:41:21 UTC 2009,GOOG,<neutral>http://bit.ly/skMW6 5 company&#39;s $goog might buy next from @jaltucher</neutral>,0
Thu Sep 24 20:22:03 UTC 2009,"AAPL,AMZN,GOOG,RIMM",<neutral>The 4 horsemen of the apocalypsis in AH:  $aapl @ -$3  $goog @ -$3  $amzn @ -$1 and $rimm @ -$9</neutral>,0
Fri Sep 25 14:48:12 UTC 2009,"AAPL,AMZN,BIDU,GOOG,GS,PCLN",<positive>Some big caps that held up well this week $GS $AAPL $PCLN $AMZN $BIDU $GOOG $$</positive>,1
Fri Sep 25 18:46:47 UTC 2009,GOOG,<neutral>$GOOG needs to get on its feets now for the market to rally $$</neutral>,0
Sat Sep 26 20:25:41 UTC 2009,"AMD,ATT,GOOG,INTC","<neutral>I&#39;m so sick of uncompetitive companies suing their competition, like $ATT vs $GOOG ofr $AMD vs $INTC</neutral>",0
Sat Sep 26 20:32:59 UTC 2009,"GOOG,MSFT",<very negative>Anyone else think $MSFT s new bing sucks?  I was worried about my $goog holding but I dont know anyone who uses bing or let alone like it</very negative>,-5
Mon Sep 28 09:08:20 UTC 2009,"AAPL,AMZN,GOOG,MSFT,YHOO",<neutral>$MSFT $GOOG $YHOO $AMZN $AAPL MIcrosoft stages a big comeback http://bit.ly/PfgIC</neutral>,0
Mon Sep 28 17:36:08 UTC 2009,GOOG,<neutral>$GOOG is on the move. A close above 500 and it targets 525.</neutral>,0
Mon Sep 28 20:42:07 UTC 2009,"GOOG,MSFT",<neutral>built for consumers selling as public sector service $GOOG $MSFT RT @GeorgeVHulme LA city hall tech giants&#39; battlefield http://bit.ly/1GBAju</neutral>,0
Tue Sep 29 17:27:59 UTC 2009,GOOG,<neutral>$GOOG pounding resitance around 500.  A break either way should bankroll my vacation next week!</neutral>,0
Thu Oct 01 14:19:03 UTC 2009,"AAPL,BIDU,GOOG,GS","<very positive>thx reminder RT @traderflorida: like I&#39;ve mentioned many times over, watch the high beta stocks for market direction  $bidu $goog $aapl $gs</very positive>",4
Thu Oct 01 16:27:30 UTC 2009,"AAPL,AMZN,BIDU,GOOG,GS","<neutral>I don&#39;t like how the Naz is below its 20-day, but I do like how $BIDU $AAPL $AMZN $GOOG $GS are above their 20-days, just an observation $$</neutral>",0
Thu Oct 01 23:40:37 UTC 2009,GOOG,<positive>RT @howardlindzon Incredible meeting with $goog finance people at stocktwits hq today. *** Feel free to share the details.</positive>,1
Fri Oct 02 03:42:03 UTC 2009,GOOG,<positive>just downloaded $GOOG Chrome - they are like the Roman Empire of the internet/tech world</positive>,2
Fri Oct 02 03:45:52 UTC 2009,GOOG,<positive>watching the $GOOG Wave intro - this thing looks awesome - any invitations out there? kvnmchlhughes@gmail.com</positive>,3
Fri Oct 02 15:33:14 UTC 2009,GOOG,<positive>Ritholtz with good comments on $GOOG not having a clue about real time search at #stockcamp</positive>,2
Mon Oct 05 04:00:04 UTC 2009,"AAPL,GOOG,GS,SPY","<neutral>$GS 179.60, $SPY 102.49, $GOOG 484.58, $AAPL 184.88 - Fueled by NASDAQ Last Sale http://bit.ly/datajunkies</neutral>",0
Mon Oct 05 08:00:03 UTC 2009,"GOOG,GS,SPY","<neutral>$GS 179.60, $SPY 102.49, $GOOG 484.58 - Fueled by NASDAQ Last Sale http://bit.ly/datajunkies</neutral>",0
Mon Oct 05 12:54:08 UTC 2009,"GOOG,MSFT",<neutral>$GOOG fires one accross the $MSFT bow with new Chome..http://bit.ly/2GFf8n</neutral>,0
Mon Oct 05 15:01:04 UTC 2009,"AAPL,BIDU,GOOG,GS,PCLN",<positive>Big caps strong today $BIDU $PCLN $GOOG $GS $AAPL $$</positive>,1
Mon Oct 05 20:25:29 UTC 2009,GOOG,<neutral>$GOOG will report their 3rd Qtr earning on October 15 through a webcast and a Q and A  http://bit.ly/MlDvM</neutral>,0
Tue Oct 06 05:23:40 UTC 2009,"GOOG,IBM","<neutral>$IBM web email isnt worth much.  Most cos use outlook their webserver/domain, I dont see them paying for what is already free &amp; works $GOOG</neutral>",0
Tue Oct 06 13:30:46 UTC 2009,"GOOG,VZ",<neutral>$goog and $vz going to develop android handsets</neutral>,0
Tue Oct 06 13:38:12 UTC 2009,"GOOG,TEX","<neutral>$TEX and $GOOG are already making early moves for me!  BTW, I start trading at 6AM here in SoCal</neutral>",0
Tue Oct 06 19:14:28 UTC 2009,GOOG,<neutral>RT @mathewi Eric Schmidt admits Google paid $1-billion more for YouTube than it was worth - a 250% premium: http://bit.ly/3yo6eH $$ $goog</neutral>,0
Tue Oct 06 19:30:17 UTC 2009,"AAPL,ALU,ERIC,GOOG,RIMM,S,STAR,T,VZ","<positive>$STAR, $ALU, $ERIC are the big winners in $AAPL v. $RIMM v. $GOOG &amp; $T v. $S v. $VZ debates</positive>",2
Wed Oct 07 08:00:03 UTC 2009,"AAPL,AIG,GLD,GOOG,GS,SPY","<neutral>$AAPL 190.01, $GS 188.19, $SPY 105.59, $AIG 44.89, $GLD 102.28, $GOOG 498.74 - Fueled by NASDAQ Last Sale http://bit.ly/datajunkies</neutral>",0
Wed Oct 07 14:24:37 UTC 2009,GOOG,<neutral>$goog above 500 which is worth watching.  </neutral>,0
Wed Oct 07 14:58:53 UTC 2009,GOOG,<neutral>Is there too much power hidden in your gmail password...be careful....$goog  http://bit.ly/11cTSl (i need to change mine from falafel) </neutral>,0
Wed Oct 07 16:12:21 UTC 2009,GOOG,<neutral>Got into $GOOG Oct 520 calls @ 8.7</neutral>,0
Wed Oct 07 16:21:24 UTC 2009,GOOG,<negative>$GOOG is popping as earnings runners snatch it up. Back up to 600 by January may be in the cards.</negative>,-2
Wed Oct 07 16:51:15 UTC 2009,GOOG,<neutral>$GOOG on track to 525 IMO</neutral>,0
Wed Oct 07 16:52:33 UTC 2009,"AAPL,AMZN,BIDU,GOOG",<neutral>$aapl $goog and $bidu are unstoppable in this environment.  $amzn as well.  keep it simple but use money management for your risk appetite </neutral>,0
Wed Oct 07 16:57:10 UTC 2009,GOOG,<very positive>Long $GOOG</very positive>,4
Wed Oct 07 16:57:54 UTC 2009,GOOG,"<positive>http://bit.ly/6miTX the $goog real estate index and why information is power, hard to measure and great for being a growth stock </positive>",2
Wed Oct 07 16:59:29 UTC 2009,GOOG,<neutral>$GOOG has been liberated today</neutral>,0
Wed Oct 07 17:02:56 UTC 2009,GOOG,<neutral>$GOOG setting the pace</neutral>,0
Wed Oct 07 17:28:04 UTC 2009,GOOG,<neutral>lol $GOOG home page made me laugh out loud at my schools library wheck it out http://www.google.com</neutral>,0
Wed Oct 07 17:29:41 UTC 2009,"BIDU,GOOG",<neutral>RT @stockmaster $bidu and $goog are racing to see who get to $1000 first</neutral>,0
Wed Oct 07 17:31:27 UTC 2009,"BIDU,GOOG,MA",<neutral>$ma $goog $bidu all big tickets all up big</neutral>,0
Wed Oct 07 18:02:26 UTC 2009,GOOG,<neutral>$GOOG has given an all clear before the earnings. Now Schmidt can&#39;t ask you to buy the stock directly.</neutral>,0
Wed Oct 07 18:41:44 UTC 2009,GOOG,<neutral>Nothing is able to keep $GOOG down today. Looking for it to go ballistic. Holding onto Oct 520 from this morning $$</neutral>,0
Wed Oct 07 18:44:51 UTC 2009,"AAPL,GOOG",<neutral>$AAPL holding down the market today. At least we now know that $AAPL has more sway than $GOOG on the market.</neutral>,0
Wed Oct 07 18:52:46 UTC 2009,GOOG,<neutral>A $GOOG does not an economy make............</neutral>,0
Wed Oct 07 18:54:18 UTC 2009,GOOG,<positive>Time to go find your friend who said not to buy $GOOG when it was $250 and flick a booger on him.</positive>,2
Wed Oct 07 19:03:55 UTC 2009,GOOG,"<neutral>$GOOG is a no brainer trade ahead of the earnings, fully endorsed by Schmidt.</neutral>",0
Wed Oct 07 19:05:21 UTC 2009,GOOG,"<neutral>RT @thinkingtrades $GOOG is a no brainer trade ahead of the earnings, fully endorsed by Schmidt. (at this rate I will sell just before)</neutral>",0
Wed Oct 07 19:17:15 UTC 2009,GOOG,<very negative>At this rate my short term $GOOG target of 525 will be here shortly.</very negative>,-4
Thu Oct 08 01:00:03 UTC 2009,"AA,AAPL,AMZN,GOOG,GS,SPY,VG","<neutral>$AA 14.20, $GOOG 517.82, $AAPL 190.25, $GS 190.43, $VG 1.98, $AMZN 93.97, $SPY 105.80 - Fueled by NASDAQ Last Sale http://bit.ly/datajunkies</neutral>",0
Thu Oct 08 06:00:04 UTC 2009,"AA,AAPL,GOOG,GS,SPY,VG","<neutral>$AA 14.20, $GOOG 517.82, $AAPL 190.25, $GS 190.43, $SPY 105.80, $VG 1.98 - Fueled by NASDAQ Last Sale http://bit.ly/datajunkies</neutral>",0
Thu Oct 08 06:19:31 UTC 2009,"AAPL,GOOG,RIMM,VZ","<neutral>Biz Week: Google, Verizon Wireless: A Potent Smartphone Team http://bit.ly/1iZOUQ $GOOG $VZ $AAPL $RIMM</neutral>",0
Thu Oct 08 11:00:04 UTC 2009,"AA,AAPL,GOOG,GS,SPY,VG","<neutral>$AA 14.20, $GOOG 517.82, $AAPL 190.25, $GS 190.43, $VG 1.98, $SPY 105.80 - Fueled by NASDAQ Last Sale http://bit.ly/datajunkies</neutral>",0
Thu Oct 08 12:00:03 UTC 2009,"AA,AAPL,GOOG,GS,SPY,VG","<neutral>$AA 14.20, $GOOG 517.82, $AAPL 190.25, $GS 190.43, $VG 1.98, $SPY 105.80 - Fueled by NASDAQ Last Sale http://bit.ly/datajunkies</neutral>",0
Thu Oct 08 13:24:29 UTC 2009,"GOOG,MSFT","<neutral>$GOOG apps and the enterprise. http://bit.ly/2da2FF, Both $GOOG &amp; $MSFT want to be each others market.</neutral>",0
Thu Oct 08 16:07:53 UTC 2009,"AA,COP,GOOG","<positive>Top 3 stocks sold on strength as of 11:02am (WSJ) $AA, $GOOG, $COP</positive>",1
Thu Oct 08 18:00:07 UTC 2009,"AA,AAPL,GOOG,GS,SPY,VG","<neutral>$AA 14.59, $GOOG 518.25, $AAPL 190.53, $GS 189.93, $SPY 106.84, $VG 1.74 - Fueled by NASDAQ Last Sale http://bit.ly/datajunkies</neutral>",0
Thu Oct 08 19:03:03 UTC 2009,"AA,GOOG,MCD","<positive>Top 3 stocks sold on strength as of 2:03pm (WSJ) $GOOG, $AA, $MCD Global recovery plays?</positive>",1
Fri Oct 09 17:54:00 UTC 2009,"FBOOK,GOOG","<neutral>while $fbook and $goog turn out rather useless engineers into the wild for the next decade, real entrepreneurs have a shot in tech/web </neutral>",0
Fri Oct 09 19:35:29 UTC 2009,"ES_F,GOOG",<neutral>$GOOG lod..$ES_F</neutral>,0
Fri Oct 09 20:00:07 UTC 2009,"AAPL,BCRX,GOOG,RIMM,SPY","<neutral>$SPY 107.26, $RIMM 68.51, $AAPL 190.47, $GOOG 516.25, $BCRX 8.76 - Fueled by NASDAQ Last Sale http://bit.ly/datajunkies</neutral>",0
Sat Oct 10 00:00:05 UTC 2009,"AAPL,BCRX,GOOG,RIMM,SPY","<neutral>$SPY 107.26, $RIMM 68.51, $AAPL 190.47, $BCRX 8.76, $GOOG 516.25 - Fueled by NASDAQ Last Sale http://bit.ly/datajunkies</neutral>",0
Sun Oct 11 20:35:16 UTC 2009,GOOG,<neutral>Will $GOOG become a drawer stock?  Check the revenue potential b4 laughing hysterically. http://wp.me/pxBFA-rW $$</neutral>,0
Sun Oct 11 23:57:06 UTC 2009,"BAC,GE,GOOG,GS,IBM,INTC,JPM,NOK",<positive>$GS $JPM $BAC $GE $GOOG $IBM $NOK $INTC  ..... ready? </positive>,1
Mon Oct 12 02:52:08 UTC 2009,"AAPL,AMZN,BIDU,GOOG,GS,ISRG,PCLN",<neutral>Big cap growth stocks should continue higher: $AAPL $GOOG $PCLN $ISRG $GS $BIDU $AMZN $$</neutral>,0
Mon Oct 12 08:00:06 UTC 2009,"AAPL,C,GOOG,GS,SPY","<neutral>$SPY 107.26, $AAPL 190.47, $GS 189.29, $C 4.62, $GOOG 516.25 - Fueled by NASDAQ Last Sale http://bit.ly/datajunkies</neutral>",0
Mon Oct 12 10:00:03 UTC 2009,"AAPL,C,GOOG,GS,SPY","<neutral>$SPY 107.26, $GS 189.29, $C 4.62, $AAPL 190.47, $GOOG 516.25 - Fueled by NASDAQ Last Sale http://bit.ly/datajunkies</neutral>",0
Mon Oct 12 11:20:56 UTC 2009,"AAPL,CSCO,GOOG","<negative>How A Bear Can Be Bullish And Still Be Right $GOOG, $CSCO $AAPL:  http://bit.ly/9TcKY</negative>",-2
Mon Oct 12 12:26:34 UTC 2009,GOOG,<neutral>$$GOOG price target raised to $585 from $560 at Goldman.</neutral>,0
Mon Oct 12 13:53:43 UTC 2009,GOOG,<neutral>$GOOG looks like a buy on any dip today. Above 525 it starts a new leg higher.</neutral>,0
Mon Oct 12 18:34:37 UTC 2009,GOOG,<very negative>$goog short 521.55</very negative>,-4
Mon Oct 12 18:41:44 UTC 2009,GOOG,<neutral>$goog covered 520.57+1</neutral>,0
Mon Oct 12 21:14:14 UTC 2009,GOOG,<neutral>$GOOG tried but couldn&#39;t close above 525. But it&#39;s coming.</neutral>,0
Mon Oct 12 22:00:04 UTC 2009,"BAC,C,DNDN,DRIV,GOOG,SPY","<neutral>$SPY 107.68, $BAC 18.01, $DNDN 28.73, $DRIV 26.45, $C 4.78, $GOOG 524.04 - Fueled by NASDAQ Last Sale http://bit.ly/datajunkies</neutral>",0
Mon Oct 12 22:15:20 UTC 2009,GOOG,"<neutral>RT @hianthony RT @daily_finance Google is a buy, but investors might want to wait until after earnings $goog http://retwt.me/RvXB</neutral>",0
Tue Oct 13 04:00:03 UTC 2009,"BAC,C,DNDN,DRIV,GOOG,SPY","<neutral>$SPY 107.68, $BAC 18.01, $DRIV 26.45, $DNDN 28.73, $C 4.78, $GOOG 524.04 - Fueled by NASDAQ Last Sale http://bit.ly/datajunkies</neutral>",0
Tue Oct 13 06:00:03 UTC 2009,"BAC,C,DNDN,DRIV,GOOG,SPY","<neutral>$SPY 107.68, $BAC 18.01, $DRIV 26.45, $DNDN 28.73, $C 4.78, $GOOG 524.04 - Fueled by NASDAQ Last Sale http://bit.ly/datajunkies</neutral>",0
Tue Oct 13 12:00:06 UTC 2009,"BAC,C,DNDN,DRIV,GOOG,SPY","<neutral>$SPY 107.68, $BAC 18.01, $DRIV 26.45, $DNDN 28.73, $C 4.78, $GOOG 524.04 - Fueled by NASDAQ Last Sale http://bit.ly/datajunkies</neutral>",0
Tue Oct 13 12:09:26 UTC 2009,"AAPL,GOOG","<neutral>RT @wood83 @Dasan $AAPL &amp; $GOOG are sporting 30+ P/Es but no longer grow that fast, will E catch up or P slow down?</neutral>",0
Tue Oct 13 13:41:26 UTC 2009,"AAPL,AMZN,GOOG,PCLN,RIG","<neutral>HEDGE FUND VIP LIST, $PCLN $AMZN, $RIG, $AAPL,$GOOG$QCOM$VISA ,many others per GS rpt</neutral>",0
Tue Oct 13 15:24:54 UTC 2009,GOOG,"<positive>2-3 Long range $GOOG is set to peak at $1000, although I doubt it could hold there for longer than a couple of weeks.  </positive>",2
Tue Oct 13 15:41:15 UTC 2009,GOOG,<neutral>$GOOG back above 425. It wants to go up.</neutral>,0
Tue Oct 13 15:42:11 UTC 2009,GOOG,<very positive>Correction $GOOG above 525 not 425. It indeed has come a long way.</very positive>,4
Tue Oct 13 16:00:12 UTC 2009,"AAPL,BAC,C,GOOG,GS,JNJ,SPY","<neutral>$SPY 107.58, $GS 186.30, $BAC 17.81, $AAPL 190.52, $GOOG 525.17, $JNJ 60.80, $C 4.83 - Fueled by NASDAQ Last Sale http://bit.ly/datajunkies</neutral>",0
Tue Oct 13 20:17:15 UTC 2009,"GOOG,INTC",<positive>$INTC  will help $GOOG!!!!</positive>,1
Tue Oct 13 20:18:08 UTC 2009,"GOOG,INTC",<neutral>$GOOG $INTC getting $GOOG to 530 now</neutral>,0
Tue Oct 13 21:05:26 UTC 2009,"GOOG,INTC,JPM,WFC","<positive>$INTC, $JPM, $GOOG, $WFC upgrades to come. Let&#39;s get it over with and just upgrade everything. The bull vs bears arguement is over.</positive>",3
Wed Oct 14 02:18:56 UTC 2009,GOOG,"<very negative>Hmm, Google ($GOOG) Building Maker. How productive. I&#39;d short the stock on this, but too strong at the moment. -&gt;  http://bit.ly/1fmwDW</very negative>",-5
Wed Oct 14 11:08:46 UTC 2009,GOOG,<neutral>$GOOG headed for 550</neutral>,0
Wed Oct 14 12:26:31 UTC 2009,GOOG,<positive>Back in 04/08 $GOOG jumped $100 after earnings to around 550. This time it may very well go above 600. </positive>,1
Wed Oct 14 12:28:37 UTC 2009,GOOG,<positive>@thinkingtrades Thaaaaat was a fun AH trade if you were long. *lol*  $GOOG $$</positive>,2
Wed Oct 14 12:32:56 UTC 2009,GOOG,<very positive>@traderkos went long $GOOG when Schmidt implicitly endorsed it a few days back .</very positive>,4
Wed Oct 14 12:33:59 UTC 2009,GOOG,<positive>@thinkingtrades Gotta love $GOOG</positive>,3
Wed Oct 14 14:10:15 UTC 2009,"C,GOOG,GS,HOG,IBM","<neutral>Expected earnings moves vs. recent past moves for $C, $GS, $GOOG, $HOG, $IBM http://bit.ly/33uc9i </neutral>",0
Wed Oct 14 15:25:26 UTC 2009,"AAPL,GOOG",<positive>$GOOG is a thing of beauty today. $AAPL too waking up.</positive>,3
Wed Oct 14 15:36:41 UTC 2009,GOOG,<very positive>$GOOG 530/540/550/560 Iron condor looks good with 4:1 risk reward. GOOG needs to stay between 540 and 550 for max reward.</very positive>,4
Wed Oct 14 18:39:54 UTC 2009,GOOG,"<negative>Ill buy right at close $GOOG tommarrow some call lotto tickets or maybe puts depends how I feel, but mostlikely calls</negative>",-2
Wed Oct 14 18:49:54 UTC 2009,GOOG,<neutral>would taxpayer-funded health care propaganda boost $GOOG earnings?</neutral>,0
Wed Oct 14 19:07:38 UTC 2009,GOOG,"<neutral>CBOE  $GOOG calls active on 41K contracts, puts on 27K into EPS and ad outlook as shares trend to 15-month high</neutral>",0
Wed Oct 14 19:38:44 UTC 2009,GOOG,<neutral>$goog dont we want to sell off here</neutral>,0
Wed Oct 14 21:35:39 UTC 2009,GOOG,<neutral>$GOOG --- buy at the money vertical based on your bias or wide OTM butterfly e.g. 500/510/520 puts</neutral>,0
Wed Oct 14 22:00:04 UTC 2009,"BAC,C,GOOG,GS,INTC,JPM,SPY","<neutral>$JPM 47.17, $INTC 20.83, $GS 193.16, $BAC 18.57, $C 4.98, $SPY 109.33, $GOOG 535.32 - Fueled by NASDAQ Last Sale http://bit.ly/datajunkies</neutral>",0
Thu Oct 15 03:00:03 UTC 2009,"BAC,C,GOOG,GS,INTC,JPM,SPY","<neutral>$JPM 47.17, $GS 193.16, $INTC 20.83, $BAC 18.57, $C 4.98, $SPY 109.33, $GOOG 535.32 - Fueled by NASDAQ Last Sale http://bit.ly/datajunkies</neutral>",0
Thu Oct 15 08:21:38 UTC 2009,GOOG,"<negative>RT @gundijif $GOOG hasta donde puede llegar!!! // english man, english</negative>",-3
Thu Oct 15 09:00:04 UTC 2009,"BAC,C,GOOG,GS,INTC,JPM,SPY","<neutral>$JPM 47.17, $GS 193.16, $INTC 20.83, $BAC 18.57, $C 4.98, $SPY 109.33, $GOOG 535.32 - Fueled by NASDAQ Last Sale http://bit.ly/datajunkies</neutral>",0
Thu Oct 15 13:30:09 UTC 2009,GOOG,<very negative>$goog covered +1.1 dont want the risk into earnings could be big mistake</very negative>,-4
Thu Oct 15 14:59:21 UTC 2009,GOOG,<negative>vol coming out of $GOOG on day before earnings. while stock is at day low. odd....</negative>,-3
Thu Oct 15 15:06:40 UTC 2009,"GOOG,YHOO",<very negative>The &quot;discussion&quot; on the $GOOG finance site are worse than the $YHOO message boards were 10yrs ago. Shame...spam sucks!</very negative>,-7
Thu Oct 15 15:11:20 UTC 2009,GOOG,"<very negative>@attitrade I agree about those $GOOG finance boards, they r way terrible.  1 of their few failures.  But I like their finance page otherwise</very negative>",-5
Thu Oct 15 16:27:45 UTC 2009,GOOG,<neutral>anyone buying $GOOG before the numbers?</neutral>,0
Thu Oct 15 17:00:04 UTC 2009,"AAPL,AIG,BAC,C,GOOG,GS,SPY","<neutral>$GS 188.24, $C 4.73, $GOOG 530.96, $AIG 45.16, $BAC 18.04, $SPY 109.04, $AAPL 189.92 - Fueled by NASDAQ Last Sale http://bit.ly/datajunkies</neutral>",0
Thu Oct 15 17:30:43 UTC 2009,"ES_F,GOOG",<positive>we have $GOOG as well $ES_F</positive>,1
Thu Oct 15 17:59:32 UTC 2009,"AAPL,DELL,GOOG,IBM,INTC,MSFT,T,VZ,YHOO",<neutral>RT @jimgoldman Google Fuels the Tech Fire http://bit.ly/10z5cI $AAPL $DELL $GOOG $IBM $INTC $MSFT $T $VZ $YHOO</neutral>,0
Thu Oct 15 18:00:04 UTC 2009,"AAPL,AIG,BAC,C,GOOG,GS,SPY","<neutral>$GS 187.76, $C 4.67, $GOOG 530.08, $AIG 45.15, $SPY 109.16, $BAC 17.99, $AAPL 189.96 - Fueled by NASDAQ Last Sale http://bit.ly/datajunkies</neutral>",0
Thu Oct 15 18:02:56 UTC 2009,GOOG,<neutral>$GOOG time today after the close!</neutral>,0
Thu Oct 15 18:13:45 UTC 2009,GOOG,<neutral>looks like some fellas are trying to push $GOOG down</neutral>,0
Thu Oct 15 18:35:54 UTC 2009,GOOG,<neutral>$goog 528.81</neutral>,0
Thu Oct 15 18:54:24 UTC 2009,GOOG,<very positive>RT @HamzeiAnalytics $GOOG put/call is 0.31 (dollar weighted ) that is BULLISH here !!</very positive>,5
Thu Oct 15 18:58:19 UTC 2009,GOOG,<neutral>$goog out +.95</neutral>,0
Thu Oct 15 19:38:46 UTC 2009,"AMD,TPX,PBCT,NARA,IBM,HRLY,GOOG,CYT,CBST,UFPI",<neutral>Keep in Mind via @Stockguy22 earnings tonight on $AMD $CBST $CYT $GOOG $HRLY $GOOG $HRLY $IBM $NARA $PBCT $TPX $UFPI </neutral>,0
Thu Oct 15 20:01:59 UTC 2009,GOOG,<neutral>$goog crushes it</neutral>,0
Thu Oct 15 20:02:16 UTC 2009,GOOG,<neutral>$GOOG up $10 in ah!</neutral>,0
Thu Oct 15 20:02:23 UTC 2009,GOOG,<positive>LOL   RT @sellputs $GOOG taking off like a BALLOON</positive>,2
Thu Oct 15 20:02:40 UTC 2009,GOOG,<neutral>$goog</neutral>,0
Thu Oct 15 20:02:58 UTC 2009,GOOG,<negative>$goog slam dunk!</negative>,-2
Thu Oct 15 20:03:11 UTC 2009,GOOG,<neutral>Big numbers for $GOOG</neutral>,0
Thu Oct 15 20:13:12 UTC 2009,GOOG,<positive>It seems yesterday&#39;s idea of 560/550/540/530 iron condor for 8.50 credit on $GOOG worked beautifully. Looks like will stay between 440-450.</positive>,3
Thu Oct 15 20:14:33 UTC 2009,GOOG,<very positive>Meant to stay $GOOG will stay between 540-550. Always forget that it has come a long way ;-) </very positive>,4
Thu Oct 15 20:39:52 UTC 2009,"AAPL,GOOG","<negative>$GOOG is ok, $AAPL is next. Apple is scary though</negative>",-3
Thu Oct 15 21:01:51 UTC 2009,GOOG,<neutral>RT @StockTwits Great discussions happening on the $GOOG stream after earnings: http://bit.ly/31Sasp</neutral>,0
Thu Oct 15 21:03:16 UTC 2009,"GOOG,IBM","<neutral>going to go get some pepto bismol and some voodoo dolls, looking for a 550 pin on $GOOG and a bounce in $IBM</neutral>",0
Thu Oct 15 21:04:34 UTC 2009,GOOG,<positive>@stevenplace I don&#39;t care as long as you have $GOOG pinned between 540 and 550.</positive>,2
Thu Oct 15 22:16:22 UTC 2009,GOOG,<positive>ty $GOOG !!!! I needed that.</positive>,1
Thu Oct 15 22:41:43 UTC 2009,"GOOG,IBM","<neutral>Tomorrow: Aft hrs, $GOOG  beat  &amp; trd 4% up,  $IBM just  beat &amp; sld 3.6%. No mkt reaction $$</neutral>",0
Thu Oct 15 23:00:05 UTC 2009,"AAPL,AIG,BAC,C,GOOG,GS,SPY","<neutral>$GS 188.51, $GOOG 529.91, $C 4.74, $AIG 44.57, $SPY 109.30, $BAC 18.07, $AAPL 190.56 - Fueled by NASDAQ Last Sale http://bit.ly/datajunkies</neutral>",0
Thu Oct 15 23:00:39 UTC 2009,GOOG,<neutral>Can&#39;t wait till tomarrow to see how $GOOG stock reacts.</neutral>,0
Fri Oct 16 00:42:33 UTC 2009,"FBOOK,GOOG,TWIT","<negative>With $goog stock price back at $550, it would be insane not for them to close 5-10 key acquisitions.....$fbook or $twit or stocktwits??</negative>",-1
Fri Oct 16 06:00:04 UTC 2009,"AAPL,AIG,BAC,C,GOOG,GS,SPY","<neutral>$GS 188.51, $GOOG 529.91, $C 4.74, $AIG 44.57, $BAC 18.07, $SPY 109.30, $AAPL 190.56 - Fueled by NASDAQ Last Sale http://bit.ly/datajunkies</neutral>",0
Fri Oct 16 12:00:04 UTC 2009,"AIG,BAC,C,GOOG,GS,SPY","<neutral>$GOOG 529.91, $GS 188.51, $C 4.74, $BAC 18.07, $AIG 44.57, $SPY 109.30 - Fueled by NASDAQ Last Sale http://bit.ly/datajunkies</neutral>",0
Fri Oct 16 14:21:06 UTC 2009,GOOG,<positive>RT @sellputs just flipped the $GOOG 555 call for .40 in about .45 sec ****that&#39;s why i love opex. whatta rush!</positive>,3
Fri Oct 16 15:28:05 UTC 2009,GOOG,"<neutral>$GOOG upgraded to $680 in 2010 due 2 higher Margins.  Only a 3% insrease so far, maybe $GOOG will rally more later http://bit.ly/4xfAvC</neutral>",0
Fri Oct 16 15:33:57 UTC 2009,GOOG,<neutral>$GOOG @ 52 week high!</neutral>,0
Fri Oct 16 15:40:17 UTC 2009,GOOG,<neutral>$goog</neutral>,0
Fri Oct 16 15:41:22 UTC 2009,"FRO,GMR,GOOG,HAL,HRS,POT","<neutral>Just checked portfolio/watchlist for movers up&gt;3$: $HRS $FRO $GMR $GOOG $HAL RYL and maybe $POT (+2,6%) all others below or in the red  $$</neutral>",0
Fri Oct 16 15:45:10 UTC 2009,GOOG,<positive>$$ would be nice for the common man if $GOOG splits 10 to 1 = would be $55.35 now</positive>,2
Fri Oct 16 15:51:44 UTC 2009,GOOG,<neutral>$goog sold 1/2 553.16</neutral>,0
Fri Oct 16 16:00:05 UTC 2009,"BAC,C,GE,GOOG,GS,IBM,SPY","<neutral>$GOOG 553.13, $BAC 17.41, $GS 184.33, $SPY 108.54, $IBM 121.56, $GE 16.02, $C 4.63 - Fueled by NASDAQ Last Sale http://bit.ly/datajunkies</neutral>",0
Fri Oct 16 16:11:55 UTC 2009,GOOG,<positive>$GOOG is a great buy once it closes above 557. A move to 600 will happen quickly IMO. Accumulating calls on it.</positive>,3
Fri Oct 16 16:26:01 UTC 2009,GOOG,<neutral>$goog</neutral>,0
Fri Oct 16 16:33:41 UTC 2009,GOOG,<negative>$goog sold the rest look to buy back lower</negative>,-2
Fri Oct 16 16:39:41 UTC 2009,GOOG,"<very positive>$GOOG , long oct 550 puts for a day trade @ .70</very positive>",4
Fri Oct 16 16:49:09 UTC 2009,GOOG,"<positive>$GOOG, 1/2 off @ 1.05 + 50%, not a bad 5 mins</positive>",2
Fri Oct 16 16:50:01 UTC 2009,GOOG,"<neutral>$GOOG, that was the 550 oct puts @ 1.05</neutral>",0
Fri Oct 16 16:55:38 UTC 2009,GOOG,"<neutral>$GOOG, rest of the 550 oct puts to b/e @ .70</neutral>",0
Fri Oct 16 18:15:05 UTC 2009,GOOG,"<neutral>$GOOG, out 2nd 1/2 GOOG oct 550 puts b/e</neutral>",0
Fri Oct 16 19:48:32 UTC 2009,GOOG,"<neutral>$GOOG, lon oct 550 puts @ .30</neutral>",0
Fri Oct 16 19:49:28 UTC 2009,GOOG,<positive>@stevenplace are you closing the $GOOG position or just letting it expire? Thanks.</positive>,2
Fri Oct 16 19:59:48 UTC 2009,GOOG,"<positive>$GOOG, out the puts -.15, perfect pin action at the 550 on GOOG</positive>",2
Fri Oct 16 21:00:05 UTC 2009,"AAPL,BAC,GE,GOOG,GS,SPY","<neutral>$BAC 17.48, $GOOG 549.85, $GS 185.00, $AAPL 188.05, $SPY 108.89, $GE 16.16 - Fueled by NASDAQ Last Sale http://bit.ly/datajunkies</neutral>",0
Sat Oct 17 07:29:02 UTC 2009,GOOG,<neutral>RT @stockmarketsoup Google tenth of Internet traffic - http://j.mp/SsFbg $GOOG</neutral>,0
Sat Oct 17 17:24:59 UTC 2009,GOOG,<neutral>Watched the video on Google Wave and i wonder how $GOOG is going to monetize it. is #adsense their only avenue? Anti-trust?</neutral>,0
Sun Oct 18 13:12:00 UTC 2009,GOOG,"<very negative>Will mobile search cannibalize desktop search? Most co. fail 2 cross chasm, afraid of killing cash cow. $GOOG not falling into that trap. </very negative>",-11
Mon Oct 19 02:58:30 UTC 2009,GOOG,<neutral>just saw a $GOOG commercial for Android on TV? whats up with that?</neutral>,0
Mon Oct 19 03:46:51 UTC 2009,"AAPL,GOOG,RIMM",<neutral>What $aapl did not do to $rimm...$goog android will.  I predict i will fully be switched off $rimm within 6 months</neutral>,0
Mon Oct 19 04:00:03 UTC 2009,"AAPL,GOOG,RIMM,SPY,USO","<neutral>$AAPL 188.05, $USO 40.45, $GOOG 549.85, $SPY 108.89, $RIMM 66.91 - Fueled by NASDAQ Last Sale http://bit.ly/datajunkies</neutral>",0
Mon Oct 19 08:00:03 UTC 2009,"AAPL,GOOG,RIMM,SPY,USO","<neutral>$AAPL 188.05, $GOOG 549.85, $RIMM 66.91, $SPY 108.89, $USO 40.45 - Fueled by NASDAQ Last Sale http://bit.ly/datajunkies</neutral>",0
Mon Oct 19 11:00:04 UTC 2009,"AAPL,GOOG,GS,RIMM,SPY","<neutral>$AAPL 188.05, $GOOG 549.85, $RIMM 66.91, $GS 185.00, $SPY 108.89 - Fueled by NASDAQ Last Sale http://bit.ly/datajunkies</neutral>",0
Mon Oct 19 18:46:09 UTC 2009,"AAPL,GOOG",<negative>Commodities alone won&#39;t be able to take the market much further. $AAPL &amp; $GOOG look tired.</negative>,-3
Mon Oct 19 18:51:02 UTC 2009,"AAPL,GOOG",<negative>RT @thinkingtrades Commodities alone won&#39;t be able to take the market much further. $AAPL &amp; $GOOG look tired.</negative>,-3
Mon Oct 19 19:40:55 UTC 2009,GOOG,"<neutral>Uh oh, Google ($goog) Voice voicemails apearing in search results. --&gt;  http://bit.ly/1badXp  #google</neutral>",0
Tue Oct 20 00:12:33 UTC 2009,GOOG,<neutral>Raytheon Sends Droid To Battlefield  http://bit.ly/3pgCZW  $GOOG</neutral>,0
Tue Oct 20 15:18:55 UTC 2009,"AAPL,GOOG,MSFT","<negative>RT @xpromac $AAPL surpasses $GOOG in Market Cap. (and only 50b diff between $aapl &amp; $msft, pass them by end 2010? then jobs can retire ;)</negative>",-2
Tue Oct 20 19:51:03 UTC 2009,GOOG,<neutral>Impressive comeback by $GOOG</neutral>,0
Tue Oct 20 20:13:30 UTC 2009,"GOOG,YHOO","<negative>$YHOO I feel sorry for this company!, not an ounce of what it was when the stock was $400 -$GOOG took $YHOO thunder since 2004</negative>",-2
Tue Oct 20 20:53:11 UTC 2009,GOOG,<positive>http://chart.ly/kehv58 $GOOG a couple nice swing longs since May. Waiting for trail stop take me out.</positive>,1
Wed Oct 21 02:43:50 UTC 2009,"GOOG,RIMM,S","<negative>10 min, in NYC Sunday i busted my blackberry, got a new HTC Hero $goog at $S store.....$rimm is in trouble...</negative>",-2
Wed Oct 21 15:24:01 UTC 2009,"AAPL,GOOG",<neutral>$AAPL and $GOOG have been liberated. </neutral>,0
Wed Oct 21 20:03:11 UTC 2009,"AAPL,AMZN,GOOG,OIH,RIG","<neutral>Can&#39;t believe I got out of $AMZN, $AAPL, $OIH and $RIG calls before the sell off. Only stuck with a partial $GOOG position.</neutral>",0
Wed Oct 21 20:03:33 UTC 2009,GOOG,<positive>BTW $GOOG held like a champ.</positive>,2
Wed Oct 21 20:09:25 UTC 2009,GOOG,<very positive>still long $GOOG calls. its holding nicely...for now.</very positive>,6
Wed Oct 21 23:15:40 UTC 2009,GOOG,"<neutral>$GOOG - 3 doji&#39;s in as many days. It&#39;s coiling, a big move is coming. A close above 557 and it blasts off. Better to wait for it to happen.</neutral>",0
Thu Oct 22 01:22:40 UTC 2009,GOOG,<very negative>holly googlelishous! look @ the nasty $GOOG &#39;s nasty reverse hammer candle today!</very negative>,-6
Thu Oct 22 03:26:58 UTC 2009,"AAPL,GOOG,MSFT",<very negative>http://bit.ly/12qHv4  WSJ: facebook too $AAPL - FUCK YOU!! WSJ: $GOOG TO $AAPL AND $MSFT - FUCK YOU!!   http://bit.ly/2fsYdd</very negative>,-8
Thu Oct 22 03:43:36 UTC 2009,GOOG,<neutral>@syalam omgosh... $goog is becoming too powerful </neutral>,0
Thu Oct 22 13:25:47 UTC 2009,"AAPL,GOOG",<neutral>$AAPL (184 billion) is now worth more than $GOOG (174 billion).  Does that make sense?  http://bit.ly/2fZQpV (via @gigaom)</neutral>,0
Thu Oct 22 13:28:11 UTC 2009,"AAPL,GOOG",<negative>RT @abnormalreturns $AAPL (184 billion) is now worth more than $GOOG (174 billion).  Does that make sense?  http://bit.ly/2fZQpV</negative>,-3
Thu Oct 22 16:56:16 UTC 2009,"AAPL,BIDU,FIRE,GMCR,GOOG,GS,HGSI,HMIN,MS","<very positive>positive signs so far today $AAPL &amp; $GOOG flat, $BIDU, $GS &amp; $MS up, $GMCR $HGSI $FIRE $HMIN holding support</very positive>",5
Fri Oct 23 00:19:27 UTC 2009,"AAPL,GOOG","<very positive>It&#39;s amazing when stocks like $AAPL and $GOOG make huge runs and barely give anything back, maybe a sign they want to go higher? $$</very positive>",5
Fri Oct 23 14:44:12 UTC 2009,GOOG,<neutral>Bought $GOOG Nov 560 calls.</neutral>,0
Fri Oct 23 14:49:28 UTC 2009,"AAPL,AMZN,GOOG","<negative>Seems weird in face of big moves in $AMZN, $GOOG, $AAPL, but my 800+ stock universe shows anti-momentum over the past few days</negative>",-2
Fri Oct 23 16:50:50 UTC 2009,GOOG,<positive>$GOOG is on the launch pad of 557. Hope today is the day.</positive>,3
Sat Oct 24 01:56:45 UTC 2009,"AAPL,GOOG","<neutral>RT @joshr seesmic has implemented @stocktwits on seesmic web, converting $GOOG and $AAPL to links :)</neutral>",0
Sun Oct 25 17:10:09 UTC 2009,"AMZN,GOOG",<very positive>$$ Bought $AMZN $100 puts on Friday. A $12B gain in market cap in a day? $GOOG never made a run like that - ever! Party like 1999.</very positive>,4
Sun Oct 25 23:21:15 UTC 2009,"GOOG,YHOO","<neutral>Barron&#39;s Says &quot;Swap $Yhoo!, for $Goog&quot;    http://bit.ly/1hkz2J</neutral>",0
Sun Oct 25 23:53:03 UTC 2009,"GOOG,YHOO","<neutral>Barron&#39;s Says &quot;Swap $Yhoo!, for $Goog&quot;  http://bit.ly/4rTcLG</neutral>",0
Mon Oct 26 12:09:16 UTC 2009,"AMZN,BIDU,GOOG,WMT",<neutral>$WMT :: $AMZN so $GOOG :: $BIDU</neutral>,0
Mon Oct 26 13:07:39 UTC 2009,GOOG,<neutral>Looking for $GOOG to finally pull away.</neutral>,0
Mon Oct 26 14:24:22 UTC 2009,GOOG,<negative>$GOOG should be on its way to 600 now barring unforeseen weather conditions.</negative>,-2
Mon Oct 26 14:25:30 UTC 2009,GOOG,<negative>RT @thinkingtrades $GOOG should be on its way to 600 now barring unforeseen weather conditions.</negative>,-2
Mon Oct 26 20:57:00 UTC 2009,"AME,UCO,MHP,MCO,LINE,JNK,IPI,GOOG,DBC,DBB,UTX",<very negative>bearish signal stocks given today: $UTX $IPI $LINE $UCO $JNK $DBB $MHP $GOOG $DBC $AME $MCO</very negative>,-5
Mon Oct 26 21:35:40 UTC 2009,"BIDU,GOOG","<neutral>$GOOG no wonder I got a sell signal today, $BIDU following suit!</neutral>",0
Tue Oct 27 00:05:55 UTC 2009,"BIDU,GOOG",<very positive>$GOOG held up pretty well but $BIDU may do it in tomorrow atleast at the open. Still not able to close above 557.</very positive>,4
Tue Oct 27 12:54:48 UTC 2009,"BIDU,GOOG",<negative>$BIDU is a short on any rally towards 375.  $GOOG calls and $BIDU puts looks like a good pair trade. </negative>,-2
Tue Oct 27 14:38:52 UTC 2009,"AAPL,AMZN,ARST,CREE,FFIV,GOOG,PCLN","<neutral>$$ There is definately rotation out of leading stocks, BUT $AAPL $PCLN $GOOG $AMZN $CREE $ARST $FFIV not commiting any technical fouls</neutral>",0
Tue Oct 27 16:23:23 UTC 2009,"GOOG,RIMM","<very positive>loved my bberry curve, my android makes it a commodore 64... $rimm $goog</very positive>",4
Tue Oct 27 16:43:53 UTC 2009,"AAPL,GOOG","<very negative>$$ Galleon hedge funds 90 pct liquidated, according to source - Reuters $AAPL $GOOG 2 larger positions</very negative>",-4
Tue Oct 27 20:49:56 UTC 2009,GOOG,<neutral>$GOOG voice can now take control of voicemail --&gt;  http://bit.ly/404zbA  #google</neutral>,0
Tue Oct 27 20:52:02 UTC 2009,GOOG,<neutral>Jaguar made the move to $GOOG apps.  Smart.  http://bit.ly/2NvUq7  $$ #google </neutral>,0
Wed Oct 28 01:07:40 UTC 2009,"AAPL,GOOG,RIMM",<negative>Very seldom do Gen I tech companies like $RIMM dominate in Gen II. It is a new day $AAPL &amp; $GOOG will dominate Gen II.</negative>,-2
Wed Oct 28 14:24:31 UTC 2009,"GOOG,GRMN",<very negative>very bad news for $GRMN http://bit.ly/fbMDd $GOOG</very negative>,-4
Wed Oct 28 19:54:21 UTC 2009,"AAPL,AMZN,GOOG",<neutral>no urge to buy this dip.  rather see strength.  humongous damage in all but $amzn $aapl and $goog and they may play catch up down...</neutral>,0
Thu Oct 29 16:11:38 UTC 2009,"AAPL,UPRO,TZA,TNA,SPY,SPXU,RIMM,QQQQ,IWM,GS,GOOG,GE,FAZ,FAS,F,DIA,CIT,C,XLF",<neutral>halftime report at http://www.swing-high.com/ $SPY $DIA $QQQQ $IWM $TNA $TZA $XLF $FAS $FAZ $SPXU $UPRO $C $GE $GS $CIT $AAPL $RIMM $GOOG $F</neutral>,0
Thu Oct 29 16:51:05 UTC 2009,"AAPL,GOOG,MOT",<positive>$VX $GOOG $AAPL $MOT I can&#39;t wait to get my new droid phone in two weeks.  It will be a pleasure to switch from my i-phone and ATT </positive>,3
Thu Oct 29 17:18:24 UTC 2009,"AAPL,GOOG,MOT",<neutral>I agree with @a_f that you must look at who $aapl and $goog are teaming with ($mot) and who those teamups will kill and Garmin seems kaput </neutral>,0
Thu Oct 29 17:20:06 UTC 2009,"AAPL,GOOG,GRMN,PALM","<neutral>RT @howardlindzon agrees with @a_f that you must look at who $aapl and $goog team w/ &amp; who that will kill: $GRMN seems kaput &gt;&gt;&gt; $PALM, too</neutral>",0
Thu Oct 29 17:32:38 UTC 2009,GOOG,<neutral>bought more $GOOG DEC600 calls yesterday.</neutral>,0
Thu Oct 29 20:37:42 UTC 2009,"AAPL,WFC,SRS,SLB,RIMM,MA,JPM,JNJ,INTC,GS,GOOG,GE,EBAY,BIDU,BAC,AMZN,YHOO",<neutral>post market analysis at http://www.swing-high.com/ $GOOG $RIMM $BIDU $AAPL $INTC $AMZN $EBAY $YHOO $BAC $JPM $JNJ $GE $GS $WFC $SRS $SLB $MA</neutral>,0
Fri Oct 30 02:04:27 UTC 2009,"AMZN,GOOG","<neutral>Just heard @wsmco dissect my article on his show http://bit.ly/1GVWSL $$. Funny u mentioned $GOOG $AMZN, had them in draft but cut for space</neutral>",0
Fri Oct 30 12:36:01 UTC 2009,GOOG,"<very negative>$GOOG looks toppy here, 1min 233ema @ 549.13 so must wait for a possible short there (short term), but I don&#39;t like shorting uptrend stocks</very negative>",-10
Sat Oct 31 16:57:55 UTC 2009,"AAPL,UPRO,SPY,SPXU,QQQQ,JPM,JNJ,IWM,GOOG,FAZ,FAS,F,DIA,CIT,C,BAC,XLF",<neutral>weekend review at http://www.swing-high.com $FAS $FAZ $QQQQ $XLF $SPY $SPXU $UPRO $F $C $CIT $DIA $IWM $BAC $JPM $JNJ $AAPL $GOOG </neutral>,0
Sun Nov 01 14:22:19 UTC 2009,GOOG,<neutral>had no idea people could follow/share on $goog reader</neutral>,0
Sun Nov 01 14:28:12 UTC 2009,GOOG,"<very negative>IE 8 sucks, and sucks even more when using $goog products</very negative>",-4
Sun Nov 01 21:25:01 UTC 2009,"AAPL,AMZN,GOOG,PCLN","<neutral>It&#39;s time for the likes of $AAPL, $AMZN, $GOOG and $PCLN to take the hit. $PCLN has already started the death spiral. </neutral>",0
Wed Nov 04 03:47:47 UTC 2009,"GOOG,MOT","<positive>$GOOG&#39;s Android 2.0 is much improved, and $MOT&#39;s Droid handset is a contender http://bit.ly/FM2U2</positive>",1
Wed Nov 04 11:26:27 UTC 2009,"AAPL,GOOG,MOT","<neutral>RT @featureBlend If You Don&#39;t Buy An iPhone, Buy A Droid ($GOOG, $AAPL, $MOT) http://j.mp/KI24e</neutral>",0
Wed Nov 04 19:52:13 UTC 2009,"BBBB,GOOG",<neutral>is $BBBB still a potential buyout target for $GOOG</neutral>,0
Thu Nov 05 16:06:12 UTC 2009,"GOOG,GRMN",<neutral>Shorted some $GRMN into $GOOG Droid launch tomorrow.  .. stop 29</neutral>,0
Thu Nov 05 23:09:20 UTC 2009,"CELL,T,S,PCS,LEAP,GOOG,CVC,CMCSA,CLWR,VZ","<neutral>RT @DeadZones Who Wins The Femtocell Race? Cable, Wireless or Google http://bit.ly/bvaGK $CELL $PCS $LEAP $CMCSA $CVC $GOOG $CLWR $T $VZ $S</neutral>",0
Fri Nov 06 13:05:42 UTC 2009,"GOOG,GRMN,RIMM",<neutral>$GOOG &#39;s Android should keep $GRMN / $RIMM in check for awhile</neutral>,0
Sat Nov 07 00:50:47 UTC 2009,"AAPL,GOOG,VZ",<neutral>will the new droid from $vz and $goog take out $aapl?</neutral>,0
Sun Nov 08 22:06:41 UTC 2009,"GOOG,PALM","<neutral>Itunes app store has 100,000 apps.... Android Market has 10,000 apps and Palm has 258 apps... haha. $palm $appl $goog</neutral>",0
Mon Nov 09 14:06:01 UTC 2009,GOOG,<negative>$GOOG back around 557 levels. It may finally be ready to move after so many head fakes.</negative>,-1
Mon Nov 09 15:14:24 UTC 2009,GOOG,<neutral>$GOOG @ 52 w hi!</neutral>,0
Mon Nov 09 17:41:01 UTC 2009,"ERTS,GOOG",<neutral>$erts buys Playfish in social gaming for $400 million and $goog buys Admob in mobile advertising for big $ ...just getting strated methinks</neutral>,0
Mon Nov 09 20:06:50 UTC 2009,GOOG,<very positive>I&#39;ve actually used gizmo for a couple of years and love it. Good pick for $GOOG in my book.</very positive>,5
Tue Nov 10 15:41:43 UTC 2009,"BCRX,GOOG,PCLN",<positive>trimmed $BCRX at 11.61 as well.  need margin due to $GOOG and $PCLN calls.  </positive>,2
Tue Nov 10 18:15:14 UTC 2009,GOOG,<neutral>Does Murdoch really want to take on $GOOG?</neutral>,0
Tue Nov 10 18:50:55 UTC 2009,"AAPL,GOOG,RIMM",<positive>@dasan until $RIMM improves user experience i will not buy. easier for $AAPL $GOOG to move enterprise users than $RIMM consumers</positive>,1
Tue Nov 10 19:07:04 UTC 2009,"GOOG,RIMM",<positive>@sellputs $RIMM is easy for admins not users; $GOOG more likely competitor in that regard (see UVA moving from exchange to $GOOG apps)</positive>,1
Tue Nov 10 19:09:21 UTC 2009,"GOOG,MSFT,RIMM","<neutral>@optionsmeizer as a CIO, $RIMM bberries &amp; BES + $MSFT Exchange &amp; CALs = tens of thousands of $$ or $GOOG apps &amp; $GOOG android?</neutral>",0
Tue Nov 10 19:10:47 UTC 2009,GOOG,<very positive>Just got my $GOOG Wave account. not sure what to do with it but looks pretty cool. Need to get friends on it.</very positive>,4
Tue Nov 10 19:15:33 UTC 2009,"GOOG,RIMM","<positive>@kmdric reality is $RIMM BBs, Exchange, BES at this point for large enterprises.  However, smaller companies seeking app options like $GOOG</positive>",2
Tue Nov 10 19:21:12 UTC 2009,GOOG,<very positive>@kmdric corporations are beasts of habit: dinosaurs. free online apps take years of convincing/transition so it is a long term play. $GOOG </very positive>,4
Tue Nov 10 19:22:40 UTC 2009,GOOG,<neutral>@optionsmeizer agreed. but there&#39;re many small companies that add up to lots of $$ ... I&#39;m already moving all of my clients to $GOOG apps.</neutral>,0
Tue Nov 10 19:42:54 UTC 2009,GOOG,<neutral>$GOOG finally closed above 557 yesterday and it&#39;s behaving since then. Looking for 600.</neutral>,0
Tue Nov 10 20:58:11 UTC 2009,GOOG,"<positive>RT @faithmight If u haven&#39;t flown yet, here&#39;s a gr8 reason-Free WiFi from $GOOG only on @virginamerica. Happy Holidays!  http://bit.ly/FMTSv</positive>",2
Tue Nov 10 21:04:09 UTC 2009,GOOG,"<positive>@KevinMHughes It&#39;s in 47 airports now as well not sure which, hoping EWR, SFO, HNL, ORD, JFK, LAX, SYD, HBA, and OGG $GOOG </positive>",2
Tue Nov 10 21:50:06 UTC 2009,"CSCO,GOOG,INTC",<very positive>@howardlindzon $CSCO &amp; $INTC are worthy candidates IMO. $GOOG should be in the mix as well.  Have to respect their 68% market share in O.A.</very positive>,5
Wed Nov 11 01:04:36 UTC 2009,GOOG,"<negative>$GOOG launches Go, it&#39;s open source programming language. Pretty cool. --&gt;  http://bit.ly/4mOSdk  #google</negative>",-1
Wed Nov 11 13:22:31 UTC 2009,"AAPL,AMZN,FSLR,GOOG,PCLN","<neutral>RT @howardlindzon NEW NEW Nasdaq &#39;Five Horesemen (4 was so 2000)&#39; i submit $amzn, $aapl, $pcln...add $goog + $fslr?</neutral>",0
Thu Nov 12 21:57:05 UTC 2009,"AAPL,GOOG,RIMM,VZ",<very negative>Just left the $VZ store. Rep says Storm2 moving slow. Says most are taking a wait &amp; see approach due to bad Storm 1 exp. $RIMM $GOOG $AAPL</very negative>,-4
Thu Nov 12 22:03:50 UTC 2009,"AAPL,GOOG,RIMM,VZ",<neutral>Just left the $VZ store. Rep says Droid sales are brisk. Receives calls all day about avail. Got a couple while there. $GOOG $RIMM $AAPL</neutral>,0
Thu Nov 12 22:06:24 UTC 2009,"AAPL,GOOG,RIMM",<positive>Personally I thought Droid felt like a brick. Will wait to see what else comes on the market in next 6 mons. $RIMM $AAPL $GOOG</positive>,2
Fri Nov 13 13:40:34 UTC 2009,"DELL,GOOG",<positive>$DELL announced that it will be launcing itâ€™s 1st $GOOG Android powered smartphone in China and Brazil the Dell Mini 3 http://bit.ly/3GGBix</positive>,1
Fri Nov 13 13:49:27 UTC 2009,"AAPL,GOOG,PALM",<neutral>RT @azeem Palm Pre sales in &#39;substantial decline&#39; http://vf.cx/Lu $PALM $AAPL $GOOG / Don&#39;t worry the Pixi is their new savior.</neutral>,0
Fri Nov 13 20:13:36 UTC 2009,"GLD,GOOG,WLT",<positive>Good day for me $GLD $WLT $GOOG</positive>,2
Fri Nov 13 20:51:42 UTC 2009,GOOG,<neutral>Tempted to take 1/3 off $GOOG at current HOD... but I&#39;m still in the hunt for 580!</neutral>,0
Sat Nov 14 21:32:25 UTC 2009,"AAPL,IWM,JPM,QQQQ,RIG,RIMM,S,SDS,SPY,GS,GOOG,BAC,C,CIT,DIA,F,FAS,FAZ,GE,XLF",<neutral>weekend review at http://www.swing-high.com/ $SPY $IWM $XLF $DIA $QQQQ $FAS $FAZ $S $C $CIT $F $GS $GE $GOOG $RIMM $RIG $AAPL $JPM $BAC $SDS</neutral>,0
Mon Nov 16 06:12:19 UTC 2009,"AMZN,CRM,GOOG,IBM",<positive>Big Blue becomes a playa in a sexy market.  $IBM&#39;s new service jumps on cloud computing bandwagon http://bit.ly/31o4no $GOOG $AMZN $CRM</positive>,2
Mon Nov 16 17:34:50 UTC 2009,"AAPL,QQQQ,RIMM,SDS,SPY,SSO,TLT,UUP,V,IWM,GS,BA,C,CIT,DIA,F,FAS,FAZ,GOOG,XLF",<neutral>Halftime Report at http://www.swing-high.com $SPY $DIA $QQQQ $IWM $XLF $TLT $UUP $SDS $SSO $FAS $FAZ $C $CIT $F $AAPL $GS $BA $V $GOOG $RIMM</neutral>,0
Tue Nov 17 00:59:02 UTC 2009,"AAPL,GOOG,RIMM,YHOO",<negative>RT @codywillard My latest - Three problems facing RIMM http://bit.ly/2nDp82 $RIMM $AAPL $YHOO $GOOG</negative>,-3
Tue Nov 17 20:28:21 UTC 2009,"GOOG,WYNN",<neutral>Bob Lang is hosting Live TraderTalk 10 mins after closing bell - analysis of major indices/commodites plus $WYNN $GOOG http://bit.ly/qJJ6p</neutral>,0
Tue Nov 17 21:11:05 UTC 2009,"GOOG,SPX,VIX,WYNN",<neutral>[FILED UNDER: TIME IS MONEY] Spend a few mins w/ Bob in TraderTalk - starts now http://bit.ly/qJJ6p analysis of $vix $spx $goog $wynn</neutral>,0
Wed Nov 18 11:50:00 UTC 2009,"AAPL,GOOG,MOT",<positive>RT @netgarden The Google Phone Is Very Real. http://post.ly/CsvJ / I don&#39;t think the $MOT&#39;s of the world will like this.  $AAPL $GOOG </positive>,1
Wed Nov 18 12:15:13 UTC 2009,"AAPL,GOOG",<neutral>More on the $GOOG phone http://bit.ly/2jRa9N $AAPL</neutral>,0
Wed Nov 18 14:16:55 UTC 2009,"AAPL,GOOG",<neutral>RT @DeadZones Android Avalanche: A Complete List Of The Android Phones So Far http://bit.ly/OTt6b $GOOG $AAPL</neutral>,0
Wed Nov 18 21:46:25 UTC 2009,"AAPL,AMZN,BIDU,GOOG",<neutral>$AMZN $AAPL $BIDU $GOOG  http://tinyurl.com/ylop5am</neutral>,0
Wed Nov 18 22:03:38 UTC 2009,GOOG,<negative>$GOOG vol hit yearly lows at the close. turning into a snoozer.</negative>,-2
Thu Nov 19 01:10:34 UTC 2009,"AAPL,CLWR,GOOG,S,T,VZ","<neutral>If $GOOG Does Build A Phone, What Network Will It Run On?  http://bit.ly/1Gj5qx $AAPL $VZ $T $CLWR $S</neutral>",0
Thu Nov 19 13:33:58 UTC 2009,"AAPL,AMZN,BIDU,GOOG",<neutral>$AAPL $AMZN $GOOG $BIDU http://darvasboxtrader.blogspot.com/2009/11/where-will-stock-prices-be-by-next.html</neutral>,0
Thu Nov 19 18:51:56 UTC 2009,"GOOG,MSFT",<neutral>$GOOG $MSFT would you leave Microsoft O.S. to new Google O.S.?</neutral>,0
Thu Nov 19 18:57:08 UTC 2009,"GOOG,STEC",<positive>Interesting bit from $GOOG &quot;Google won&#39;t support hard drives: Chrome OS Netbooks will have to use solid-state drives.&quot; long $STEC ?</positive>,2
Thu Nov 19 19:59:08 UTC 2009,"AAPL,BIDU,GOOG,GS,JPM,QQQQ,SPY","<neutral>$$ Our signals say that this will be more than a one-day dip. Let the mkt come to you! $SPY, $AAPL, $QQQQ, $GS, $JPM, $BIDU $GOOG.</neutral>",0
Fri Nov 20 01:32:14 UTC 2009,"AAPL,GOOG","<positive>Currency market didn&#39;t signal any change. Looks more like expiration related jockeying. What would explain $AAPL@200, $GOOG@570?</positive>",2
Fri Nov 20 15:32:00 UTC 2009,"GOOG,MSFT",<neutral>$GOOG $MSFT Google Chrome OS has arrived as free VMWare download http://bit.ly/1hbOlW </neutral>,0
Fri Nov 20 15:36:03 UTC 2009,"GOOG,MSFT","<negative>$GOOG people want a free O.S. unlike what Ubuntu Linux is trying to do for some time, $MSFT better up the ante! (way lower prices)</negative>",-2
Fri Nov 20 15:36:37 UTC 2009,"AAPL,BIDU,GOOG",<neutral>@agwarner ive got those sold for $AAPL and $GOOG also 420/430 on $BIDU</neutral>,0
Fri Nov 20 18:04:31 UTC 2009,"DELL,GOOG",<neutral>$DELL should dissapear when $GOOG&#39;s Chrome O.S. arrives!</neutral>,0
Fri Nov 20 18:20:09 UTC 2009,"AAPL,AMZN,BIDU,GOOG",<negative>Current opex plays: straddles on $AAPL (200) $GOOG (570) $AMZN (130) and strangle on $BIDU (420/430)</negative>,-3
Fri Nov 20 20:00:55 UTC 2009,"AAPL,AMZN,BIDU,GOOG","<positive>All pinning plays done, $AAPL $AMZN $GOOG and $BIDU nearly full profit</positive>",2
Fri Nov 20 20:17:58 UTC 2009,"AAPL,GOOG",<negative>Pretty obvious now that $GOOG will peg 570 and $AAPL will peg 200.  Anyone play max pain on either?</negative>,-1
Fri Nov 20 21:08:08 UTC 2009,"AAPL,GOOG,GS","<positive>$GS 170, $GOOG 570, $AAPL 200 - pinning at its best.</positive>",2
Fri Nov 20 21:11:06 UTC 2009,"AAPL,GOOG",<positive>$AAPL $GOOG  The pinheads win again...</positive>,1
Fri Nov 20 21:37:30 UTC 2009,GOOG,<very negative>$goog OS about Developers RT @abraham @Scobleizer why Google&#39;s Chrome OS has already won (why InfoWorld is wrong): http://bit.ly/4AlulW/</very negative>,-5
Mon Nov 23 14:08:35 UTC 2009,GOOG,<neutral>It&#39;s monday and Steve Ballmer is one day closer to a padded $goog room  http://bit.ly/7IaNHZ</neutral>,0
Mon Nov 23 14:12:13 UTC 2009,GOOG,<neutral>RT @howardlindzon It&#39;s monday and Steve Ballmer is one day closer to a padded $goog room  http://bit.ly/7IaNHZ</neutral>,0
Mon Nov 23 15:22:53 UTC 2009,GOOG,<neutral>$GOOG in a hurry to reach 600</neutral>,0
Mon Nov 23 16:46:51 UTC 2009,"AAPL,GOOG,PALM,RIMM",<neutral>$AAPL &amp; $GOOG Now Make Up 75% of U.S. Smartphone Web Traffic  http://bit.ly/7lgb7T  $PALM $RIMM</neutral>,0
Mon Nov 23 17:49:56 UTC 2009,GOOG,<positive>Let&#39;s think about this for a second Iraq is doing well enough for $GOOG CEO Eric Shmidt to be there &amp; talk Biz -Incredible</positive>,1
Tue Nov 24 02:38:49 UTC 2009,GOOG,<positive>RT @agwarner Is it a Good Time to Buy Calls on $GOOG? - http://tinyurl.com/yzrkyk5 (via @OptionsZone) by me.</positive>,1
Tue Nov 24 14:33:27 UTC 2009,"GOOG,MSFT,NWS",<very negative>Web Suicide? $MSFT partnering with $NWS to fight $GOOG ... time will tell</very negative>,-7
Tue Nov 24 15:39:44 UTC 2009,GOOG,<neutral>newspaper publishers vs. google:  http://bit.ly/5pUzsT  $GOOG</neutral>,0
Tue Nov 24 20:54:52 UTC 2009,"GOOG,MSFT,NWS",<very negative>RT @daily_finance #Ballmer&#39;s $MSFT and #Murdoch&#39;s $NWS attack on #Google $GOOG is doomed b&#39;cs they picked wrong target http://bit.ly/5DDCzv</very negative>,-10
Wed Nov 25 04:22:15 UTC 2009,GOOG,<negative>$Goog serious about online display advertising RT @jjudge: Great acquisition by Google: http://bit.ly/5FGys1</negative>,-3
Wed Nov 25 16:21:53 UTC 2009,"AAPL,GOOG,PALM","<neutral>RT @fromedome Android and Palm need their own iPod touch, fast: http://bit.ly/7XWual $AAPL $GOOG $PALM / LOL</neutral>",0
Fri Nov 27 05:02:32 UTC 2009,"AAPL,AMZN,BIDU,GOOG,SYK",<neutral>tomorrow could be nice Drop &amp; Pops for strong leaders $goog $bidu $aapl $amzn $syk who elsr?</neutral>,0
Sun Nov 29 02:27:11 UTC 2009,GOOG,<very negative>privacy to $Goog is a looming threat of customer dissatisfaction RT @GeorgeVHulme: Couldn&#39;t agree more http://bit.ly/5gjxen</very negative>,-7
Mon Nov 30 14:13:31 UTC 2009,GOOG,"<negative>I think $GOOG sent me an invitation to wave b/c I&#39;m the only one that hadn&#39;t rec&#39;vd it; regardless, now I have it</negative>",-2
Mon Nov 30 14:53:17 UTC 2009,GOOG,<negative>at googleplex $goog today and @tubemogul board meeting manana.  If sergei and larry are there I will challenge to ping pong.</negative>,-2
Tue Dec 01 16:45:00 UTC 2009,GOOG,<very negative>Google $GOOG Mirror Image Challenges Overhead Resistance | Afraid to Trade.com Blog http://bit.ly/7RVj8D #mkt $$</very negative>,-5
Tue Dec 01 21:28:58 UTC 2009,"AAPL,GOOG",<neutral>is droid the iPhone killer?  $AAPL $Goog</neutral>,0
Wed Dec 02 15:49:20 UTC 2009,GOOG,<neutral>$GOOG  http://stk.ly/5t3EH6 Google limits free news access = Google caving just like in China!</neutral>,0
Thu Dec 03 03:45:39 UTC 2009,GOOG,<very negative>down down $GOOG went short at noon today</very negative>,-4
Fri Dec 04 20:11:29 UTC 2009,GOOG,<neutral>$goog still out there acquiring back their ex-employees.  http://stk.ly/5xhR7Z  bizarro tech times indeed </neutral>,0
Fri Dec 04 21:27:38 UTC 2009,"AAPL,AMZN,GOOG","<neutral>Breakout is taking its time but it&#39;s coming. $AAPL, $AMZN, $GOOG etc were on sale today. $$</neutral>",0
Mon Dec 07 03:12:18 UTC 2009,GOOG,<neutral>RT @bradfranklin Social search service Aardvark is considering accepting a $30+ million offer by Google $GOOG http://j.mp/8NyJ7t</neutral>,0
Mon Dec 07 20:32:22 UTC 2009,GOOG,<neutral>$goog launches real time first...just not for us market guys (no $symbols)  http://stk.ly/5Xs2pf </neutral>,0
Tue Dec 08 00:38:09 UTC 2009,"CHD,GOOG,NKE,VZ","<neutral>Tiger Woods ETF $vz, $nke, $chd (condoms - church and dwight) $goog  ...please help me with other symbols...</neutral>",0
Tue Dec 08 09:06:37 UTC 2009,"AAPL,CSCO,GOOG,IBM,MSFT",<neutral>$AAPL $MSFT $GOOG $IBM $CSCO Make your bet: the top 5 tech companies by market cap for the decade - http://is.gd/5fKDP $$</neutral>,0
Tue Dec 08 20:37:14 UTC 2009,GOOG,<neutral>@stevenplace Mr. Iron Condor:  what say about $GOOG -610/+620 call /-560/+550 put to collect 1.10?</neutral>,0
Tue Dec 08 20:38:09 UTC 2009,GOOG,<neutral>@agwarner:  just geting started on your book.  what say about $GOOG -610/+620 call /-560/+550 put to collect 1.10?</neutral>,0
Tue Dec 08 20:38:19 UTC 2009,"GOOG,TWENTYTEN",<neutral>$goog will be the first to monetize &quot;real time&quot; search significantly and it will be a boon in $TWENTYTEN</neutral>,0
Tue Dec 08 21:34:44 UTC 2009,"AA,UUP,TXN,SPY,SPX,RIMM,QQQQ,IWM,GS,GOOG,GLD,GE,DIA,C,BAC,AMZN,AAPL,XLF",<neutral>Post Market Analysis at http://www.swing-high.com $SPY $DIA $QQQQ $XLF $IWM $UUP $GLD $SPX $AAPL $AA $GOOG $RIMM $AMZN $TXN $GS $GE $BAC $C</neutral>,0
Thu Dec 10 15:17:57 UTC 2009,"FAS,GOOG,MED","<neutral>bought $GOOG, $FAS and $MED... for the longer term</neutral>",0
Fri Dec 11 14:38:23 UTC 2009,"AAPL,GOOG,MSFT",<neutral>Forget $GOOG vs. $MSFT.  For the next decade think $GOOG vs. $AAPL.  http://stk.ly/6eybnv  (via WSJ)</neutral>,0
Fri Dec 11 16:24:56 UTC 2009,GOOG,<very negative>$GOOG dying short term!</very negative>,-6
Fri Dec 11 21:49:46 UTC 2009,"AAPL,TZA,TNA,T,STEC,SSO,SRS,PH,PG,MRK,KO,HAL,GOOG,GLD,EDZ,DELL,UUP",<neutral>Post Market Analysis at http://www.swing-high.com/ $GOOG $AAPL $DELL $SSO $SRS $GLD $UUP $MRK $KO $PG $PH $STEC $SNWK $T $HAL $EDZ $TNA $TZA</neutral>,0
Sat Dec 12 22:58:34 UTC 2009,"AAPL,GOOG,VZ","<negative>RT @joemccann For all the doubters, the Google Phone is real: http://bit.ly/6U4deH $goog $aapl / Once again $VZ customers shut out.</negative>",-3
Sun Dec 13 06:10:20 UTC 2009,"GLD,GOOG",<positive>first REAL picture of the Googlephone  http://stk.ly/5p2n4z ( disclosure - long $goog and $gld)</positive>,3
Sun Dec 13 07:08:12 UTC 2009,GOOG,"<positive>The boys at $GOOG are a bunch of f ing geniuses, absoloutly brilliant with their mobile strategy, listen to this</positive>",2
Sun Dec 13 07:08:58 UTC 2009,GOOG,"<neutral>$GOOG launches the android operating system, an excellent platform, on a bunch of crappy hardware that no one wants to buy</neutral>",0
Sun Dec 13 07:09:42 UTC 2009,GOOG,"<neutral>$GOOG does this to get everyone used to the system, to get eveyone else to pay for the advertising, make a big deal out of it</neutral>",0
Sun Dec 13 07:10:12 UTC 2009,"AAPL,GOOG",<negative>$GOOG knows that the phones are not going to rival $AAPL iPhone</negative>,-2
Sun Dec 13 07:10:47 UTC 2009,GOOG,"<positive>$GOOG goes and builds its own phone which is an excellent piece of hardware, one that eveyone will want</positive>",3
Sun Dec 13 07:11:24 UTC 2009,GOOG,"<neutral>$GOOG launches the phone with little media fan fare or advertising, if any, but huge underground buzz, eveyone wants one</neutral>",0
Sun Dec 13 07:12:46 UTC 2009,"AAPL,GOOG",<neutral>$GOOG canabalizes the market for phones running android and owns botht he hardware and software to finally take a bite out of $AAPL</neutral>,0
Sun Dec 13 07:14:05 UTC 2009,"GOOG,S,T,VZ","<neutral>only thing $GOOG doesn&#39;t own in the vertical is ithe network, still reliant on $T $VZ $S for the pipes</neutral>",0
Sun Dec 13 07:14:51 UTC 2009,GOOG,<neutral>something tells me $GOOG has something huge up the sleve that is going to F$#K the network providers</neutral>,0
Sun Dec 13 07:19:51 UTC 2009,"GOOG,MOT,PALM","<very positive>where as I was 100% confident $PALM Pre and $MOT Droid would flop, which the have, I&#39;m that confident $GOOG Nexus will be huge hit</very positive>",4
Sun Dec 13 11:20:21 UTC 2009,GOOG,"<positive>$Goog Nexus One: iPhone + larger touch screen, scroll wheel, Android RT @ldrogen confident huge hit RT @TechCrunch Pic http://bit.ly/4VI4RK</positive>",1
Sun Dec 13 14:15:23 UTC 2009,"GOOG,TWENTYTEN",<neutral>RT @ldrogen sumpin tells me $GOOG has sumpin huge up the sleve that&#39;s going to F$#K the network providers / Now that has my vote! $TWENTYTEN</neutral>,0
Sun Dec 13 14:23:44 UTC 2009,"AAPL,AMZN,BIDU,GOOG","<positive>$AAPL, $AMZN, $BIDU all took some kind of beating recently but not $GOOG. Now we know the reason, a Google branded phone coming.</positive>",1
Mon Dec 14 12:15:53 UTC 2009,"AAPL,GOOG,MOT,NOK,RIMM,T",<negative>RT @Ro_Patel Why So Many Are So Wrong on the &#39;Google Phone&#39; - $GOOG $T $MOT $NOK $RIMM $AAPL http://j.mp/8FMCnh</negative>,-3
Mon Dec 14 12:27:01 UTC 2009,GOOG,<positive>Now this $GOOG phone stuff is getting interesting. &quot;Why the Google Nexus Phone matters&quot; http://stk.ly/7ACLlt</positive>,1
Mon Dec 14 13:43:24 UTC 2009,GOOG,<neutral>$GOOG never looked back since closing above 557 buy point.</neutral>,0
Mon Dec 14 17:40:14 UTC 2009,"AAPL,XOM,XLF,WBD,UUP,SPY,SBUX,RIMM,QQQQ,NFLX,IWM,HMSY,GOOG,GLD,DIA,C,BGFV,XTO",<neutral>halftime report at http://www.Swing-High.com $SPY $DIA $QQQQ $XLF $IWM $GLD $UUP $XOM $XTO $C $WBD $SBUX $HMSY $NFLX $BGFV $GOOG $RIMM $AAPL</neutral>,0
Mon Dec 14 19:46:16 UTC 2009,GOOG,<neutral>Expiration this week is keeping $GOOG from flying but it&#39;s only a matter of time before it overcomes 600.</neutral>,0
Mon Dec 14 20:16:27 UTC 2009,GOOG,<very positive>$GOOG watching for long entry</very positive>,4
Mon Dec 14 20:32:15 UTC 2009,GOOG,"<negative>$GOOG missed my long entry, stepped away. watching for AMZN short entry now.</negative>",-2
Mon Dec 14 23:23:27 UTC 2009,GOOG,<neutral>Which is easier to understand? $GOOG Wave or.... http://stk.ly/7lHDMe </neutral>,0
Tue Dec 15 04:23:58 UTC 2009,"AMZN,AOL,GOOG,TWIT","<neutral>RT @cdixon self-RT, but this time with @stocktwits tags for for the public market folks http://bit.ly/8GD7ME $GOOG $AMZN $AOL $twit</neutral>",0
Tue Dec 15 13:59:45 UTC 2009,"AAPL,GOOG,RIMM,T,VZ",<neutral>The Real Reason $GOOG Is Getting Into The Mobile Business  http://stk.ly/6QvKX8 $AAPL $RIMM $VZ $T</neutral>,0
Tue Dec 15 14:04:58 UTC 2009,"AAPL,GOOG",<very negative>Google&#39;s War With Apple Is Hotter Than Ever $GOOG $AAPL  http://stk.ly/7lbukF</very negative>,-4
Tue Dec 15 15:18:16 UTC 2009,GOOG,<very positive>$GOOG  watching for long entry</very positive>,4
Tue Dec 15 23:43:30 UTC 2009,GOOG,"<neutral>Cramer joining the $GOOG bandwagon - http://tinyurl.com/yb29cye, price target 750 FWIW $$</neutral>",0
Wed Dec 16 12:03:15 UTC 2009,"AAPL,GOOG,MSFT,TWENTYTEN","<neutral>RT @HedgeyeTech #TECH $AAPL, $MSFT, $GOOG My Top Tech Trends for 2010. http://bit.ly/4IcZAH (via @HedgeyeTech) $twentyten</neutral>",0
Wed Dec 16 14:18:07 UTC 2009,GOOG,<neutral>$GOOG is on the move. A close above 598 sets it on the path to 640.</neutral>,0
Wed Dec 16 14:37:34 UTC 2009,GOOG,<negative>$$ Just wondering how many people bought $GOOG pop this morning on Jim (Contrarian Indictator) Cramer&#39;s ridiculous call last night.</negative>,-3
Wed Dec 16 16:44:15 UTC 2009,"AAPL,AMZN,GOOG,RIMM","<neutral>it seems that $RIMM will beat earnings today, watch for tech pop tomorrow! $GOOG $AAPL $AMZN et al!</neutral>",0
Thu Dec 17 16:20:14 UTC 2009,GOOG,<neutral>i will be buying a $goog chrome netbook next year  http://stk.ly/7c04CU </neutral>,0
Thu Dec 17 17:37:38 UTC 2009,"GOOG,TWENTYTEN",<neutral>$TwentyTen $GOOG will offer chip to embed in your brain connecting u to Chrome PC and Nexus phone. Upload pics direct to Picasa. $$</neutral>,0
Thu Dec 17 19:20:15 UTC 2009,"AAPL,GOOG","<positive>also for tommorow expect  high volume options traded stocks like $aapl,$goog graviate around the strikes due to the  delta hedging </positive>",2
Fri Dec 18 02:57:44 UTC 2009,GOOG,<negative>$GOOG for YELP  http://stk.ly/7FpfJo</negative>,-3
Fri Dec 18 03:19:15 UTC 2009,GOOG,<neutral>Sergey and Larry got the munchies and decided to buy Yelp. $GOOG</neutral>,0
Fri Dec 18 03:19:51 UTC 2009,GOOG,<negative>This $GOOG yelp deal is reminiscent of the 2000 internet era. Except now both companies make money. 25million uniques for their ad network.</negative>,-2
Fri Dec 18 04:20:54 UTC 2009,"GOOG,YELP",<negative>$yelp is now on stocktwits and @scobleizer explains what&#39;s at stake for $goog in yelp acquisition http://stk.ly/4zXheE</negative>,-3
Fri Dec 18 04:22:06 UTC 2009,GOOG,<negative>$goog buying Yelp for $500 million </negative>,-2
Fri Dec 18 04:27:08 UTC 2009,GOOG,"<neutral>I agree with @ed that if $goog gets more powerful, companies might not be able to say no to acquisition offers.</neutral>",0
Fri Dec 18 05:12:38 UTC 2009,"GOOG,YELP","<positive>$GOOG+$YELP=moving closer to minority report like marketing, location and context specific advertising</positive>",2
Fri Dec 18 15:14:30 UTC 2009,GOOG,<negative>$GOOG - Make sure that you incorporate the YELP functionality in this console in the Audi A8  http://stk.ly/6kFG1b</negative>,-3
Fri Dec 18 19:35:10 UTC 2009,"AAPL,GOOG,XOM",<neutral>Technician&#39;s Edge: Quick Look at Levels to Watch in $XOM $GOOG and $AAPL | http://bit.ly/8cZigp #mkt $$</neutral>,0
Sat Dec 19 14:45:49 UTC 2009,"AAPL,AMZN,DGP,EGOV,ETFC,GLD,GOOG,SWKS","<neutral>I own $aapl, $amzn $goog $gld $dgp $egov $swks $etfc but these are the other stocks I am watching if rally continues  http://stk.ly/8MNyTc </neutral>",0
Sat Dec 19 14:50:49 UTC 2009,GOOG,<positive>$goog with a pretty cool real-time search move is now pulling real time search with MY NAME  http://stk.ly/65NVmY</positive>,3
Sat Dec 19 18:15:55 UTC 2009,GOOG,<negative>Yelp targeted by $goog.  Great site but only popular in larger urban areas.   http://stk.ly/6eahNT </negative>,-3
Sat Dec 19 18:44:34 UTC 2009,GOOG,"<neutral>$GOOG acquiring another cloud computing application company, this is just the beginning  http://is.gd/5tZsb</neutral>",0
Sat Dec 19 20:39:06 UTC 2009,"GOOG,MSFT",<neutral>$goog with yet another acquisition...this one aimed directly at $msft  http://stk.ly/7FtKQe </neutral>,0
Sat Dec 19 22:34:55 UTC 2009,"FBOOK,GOOG,YHOO",<neutral>should $goog $yhoo and $fbook PAY US for our data  http://stk.ly/5f9CBC  ht @mathewi </neutral>,0
Sun Dec 20 00:09:02 UTC 2009,GOOG,<neutral>$GOOG helps new Apps users with powerful new launch sites to ease integration across large organizations -  http://stk.ly/4DFW8o</neutral>,0
Sun Dec 20 04:21:03 UTC 2009,"AAPL,GOOG,PALM,RIMM",<neutral>CrackBerry Kevins Hierarchy of Smartphone Needs http://stk.ly/7sc3Y8 $RIMM $GOOG $AAPL $PALM $$</neutral>,0
Sun Dec 20 05:01:09 UTC 2009,"AAPL,GOOG,RIMM",<neutral>RT @crackberrykevin Android Review is up!  http://bit.ly/7BIKBp $GOOG $RIMM $AAPL</neutral>,0
Sun Dec 20 21:29:19 UTC 2009,"CRAY,DELL,GOOG,MSFT,TWENTYTEN","<neutral>In $TWENTYTEN $Goog buys $Cray for help in quantum computing.  Also manned recovery mission to Jupiter to rescue Discovery. $DELL, $MSFT</neutral>",0
Mon Dec 21 14:11:56 UTC 2009,"GOOG,YELP",<neutral>$Yelp turns down $GOOG offer.</neutral>,0
Mon Dec 21 20:04:06 UTC 2009,"GOOG,MSFT","<neutral>@sellputs IE does the same to my computer.  Between 10 tabs and Worden, it crashes 3 times a day, so I am trying out Chrome now. $GOOG $MSFT</neutral>",0
Tue Dec 22 00:28:27 UTC 2009,"GOOG,MOT","<positive>if $MOT isn&#39;t mad as hell at $GOOG for releasing its own phone a few weeks after Droid launch, they have no heartbeat, $MOT = screwed</positive>",1
Tue Dec 22 01:26:02 UTC 2009,GOOG,<neutral>Twitter Captures A Nexus One Unboxing And Another Video $GOOG  http://bit.ly/8gvdmQ</neutral>,0
Tue Dec 22 04:15:57 UTC 2009,GOOG,<positive>Google $goog writing about &#39;open&#39; is like me writing about daytrading...just words  http://stk.ly/5M4juE </positive>,1
Tue Dec 22 14:30:34 UTC 2009,GOOG,<neutral>RT @howardlindzon New post- &#39;open enough&#39; is the new open http://bit.ly/5WfPFW. $goog  True that!</neutral>,0
Tue Dec 22 15:39:51 UTC 2009,"BBBB,GOOG,NYT",<negative>@jowyang @mark_koenig Slideshare is a good option for $GOOG but my speculative choice is $BBBB.  The $NYT CNBC choice seems ludicrous.</negative>,-1
Tue Dec 22 16:36:18 UTC 2009,GOOG,<neutral>RT @SellPuts I posted this $GOOG chart 5/8/09 only LT trade. I am now closing. http://chart.ly/6f4mks CURRENT chart: http://chart.ly/c236an</neutral>,0
Tue Dec 22 16:50:32 UTC 2009,GOOG,<neutral>RT @StockTwits Do you use $GOOG chrome? Check out our killer Chrome Extension: http://stk.ly/5pmUov</neutral>,0
Tue Dec 22 17:49:32 UTC 2009,"BIDU,GOOG","<negative>political risk associated with internet regulations in China hammering $BIDU, no need to be there, go for $GOOG instead now</negative>",-2
Wed Dec 23 04:00:58 UTC 2009,"DE,GOOG,X","<very negative>not really that shocking, but $x $de $goog 50D highs--all on lower volume.  </very negative>",-6
Wed Dec 23 14:28:14 UTC 2009,"AAPL,GOOG,MOT,VZ",<neutral>RT @HedgeyeTech $GOOG Phone throws wrench into $MOT and $AAPL and $VZ.  http://bit.ly/7xQ9WO</neutral>,0
Wed Dec 23 14:44:03 UTC 2009,"AAPL,GOOG,RIMM",<negative>8 hour blackberry outages are worse for $rimm than anything $goog or $aapl will come out with</negative>,-3
Wed Dec 23 14:46:32 UTC 2009,"AAPL,GOOG,RIMM",<negative>RT @ToddSullivan 8 hour blackberry outages are worse for $rimm than anything $goog or $aapl will come out with &gt;&gt; too true</negative>,-3
Wed Dec 23 16:26:25 UTC 2009,"BIDU,GOOG",<very positive>$goog is just staright running now  wooo (long $goog) and should have bought the $bidu up $15 since my tweet.  </very positive>,4
Wed Dec 23 16:27:20 UTC 2009,GOOG,<positive>selling my $goog this week though...been a nice ride.  going into new year with just a few stocks and gold.</positive>,2
Wed Dec 23 17:11:00 UTC 2009,"ATT,GOOG,MSFT,VZ","<negative>$GOOG I see the trend coming, a new OS platform for free coming soon against $MSFT, also Android having its own network! poor $VZ $ATT et al</negative>",-2
Wed Dec 23 17:42:54 UTC 2009,GOOG,<negative>$GOOG on a rampage. Next serious resistance around 540</negative>,-2
Wed Dec 23 18:45:38 UTC 2009,"AAPL,ES_F,GOOG,GS","<negative>crazy - $GS making lows, $ES_F making highs along with $GOOG and $AAPL. Who to believe?</negative>",-3
Wed Dec 23 18:57:35 UTC 2009,"GOOG,MOT","<negative>$MOT looks like hell, think we could see a total colapse in that name when $GOOG releases Nexus One phone</negative>",-2
Wed Dec 23 19:46:29 UTC 2009,GOOG,"<positive>Finally got to see stop trading about $GOOG, glad to see our call to own $GOOG this Saturday on Lunch @ the Market working here.</positive>",2
Wed Dec 23 20:14:53 UTC 2009,"AAPL,GOOG,ZN_F",<positive>$$ $AAPL $GOOG XMAS pumps well in hand - Nail em hard with the Squeeze on $ZN_F</positive>,1
Wed Dec 23 21:25:36 UTC 2009,GOOG,"<negative>$GOOG in Jan 630/620 put CS @8.2 from before. In 640/650 call CS @1 today. A close between 630-640, it&#39;s a 9 bagger. No harm in dreaming ;-)</negative>",-3
Thu Dec 24 00:14:09 UTC 2009,"AAPL,GOOG",<positive>$AAPL tablet announcement in Jan &quot;would be an awesome way to step on the $GOOG Phone announcement&quot; http://stk.ly/7hDTdh / Jobs is the man!</positive>,2
Thu Dec 24 13:09:16 UTC 2009,"AAPL,GOOG,T,VZ",<very negative>An iPone &amp; Nexus One on T-Mobile would scare the crap out of $T &amp; $VZ. Maybe they would build better networks. $AAPL $GOOG  $$</very negative>,-6
Thu Dec 24 13:13:06 UTC 2009,"GOOG,MOT",<neutral>Google Nexus One Hands On http://stk.ly/7ibBZf $GOOG $MOT</neutral>,0
Thu Dec 24 17:41:05 UTC 2009,"AAPL,AMZN,GOOG",<neutral>when you hear people wanting to buy @ the ultra highs ($GOOG $AMZN $AAPL) you MUST be a contrarian!</neutral>,0
Fri Dec 25 16:00:10 UTC 2009,"AAPL,GOOG",<neutral>$AAPL @210 would look a bargain when it&#39;s @250 just as $GOOG @590 last week is a bargain now. The momemtum is just building.</neutral>,0
Fri Dec 25 17:48:46 UTC 2009,"AAPL,GOOG,T,TWENTYTEN,VZ",<neutral>$twentyten $AAPL &amp; $GOOG rips $T &amp; $VZ a new one by launching iPhone &amp; Nexus One on T-Mobile.</neutral>,0
Sun Dec 27 03:50:45 UTC 2009,GOOG,<positive>$goog plasters a Google Chrome ad on their homepage...GENIUS  http://stk.ly/8Ry2Ci (long $goog) </positive>,3
Sun Dec 27 16:51:26 UTC 2009,"BIDU,GOOG",<neutral>Will be looking at both $GOOG and $BIDU on Monday AM</neutral>,0
Mon Dec 28 12:44:11 UTC 2009,"FBOOK,GOOG,TWENTYTEN,TWIT",<neutral>$TWENTYTEN 5 Big Real-Time Web Trends of 2009 http://stk.ly/5EzLBQ $TWIT $FBOOK $GOOG  HT: @technology168</neutral>,0
Mon Dec 28 14:37:04 UTC 2009,GOOG,<positive>thanks to @msitarzewski for $goog chrome tip  &#39;COMMAND L &#39; dont need bookmarks for now. </positive>,2
Mon Dec 28 14:38:59 UTC 2009,"AAPL,AMZN,GOOG","<positive>just sold half my $goog as it&#39;s getting silly short-term and $624 seemed awesome last week at $600 , holding $aapl and $amzn full still</positive>",1
Mon Dec 28 14:40:13 UTC 2009,GOOG,"<negative>if you don&#39;t enjoy looking at internet ads, use $GOOG Chrome and download the ad thwart plugin, really awesome @howardlindzon</negative>",-1
Mon Dec 28 17:29:05 UTC 2009,GOOG,<neutral>I will never use Internet Explorer again.  Google Chrome doesn&#39;t EVER crater on me even with 12 tabs open.  $GOOG</neutral>,0
Mon Dec 28 17:44:32 UTC 2009,GOOG,<very negative>holy crap... $goog chrome is using 26 megs of memory ... the lowest i ever saw firefox was 50-55 ... </very negative>,-5
Mon Dec 28 19:08:36 UTC 2009,"GOOG,MOT",<neutral>Looks like Nexus One is already eating Droid&#39;s lunch $MOT $GOOG</neutral>,0
Mon Dec 28 20:21:17 UTC 2009,"BIDU,COP,GOOG,JNPR,SNDA",<positive>This AM we traded at the Open $JNPR $COP $SNDA and $BIDU.  Passed on our early thoughts on $GOOG.  It has been a Good Day!!</positive>,2
Tue Dec 29 23:33:55 UTC 2009,GOOG,"<neutral>$goog RT @timcourtney  RT @zpower look, google just needs to grow a pair and buy a carrier.</neutral>",0
Wed Dec 30 01:54:47 UTC 2009,GOOG,"<positive>$goog RT @harper Awesome. Google Nexus release docs leaked http://bit.ly/5kXVMF not cheap $530 unsubsidized, $180 from tmobs. a bit steep ;)</positive>",1
Wed Dec 30 02:43:28 UTC 2009,GOOG,"<neutral>Trying out $GOOG Chrome. Crashes everytime I bookmark a page, but restarts &amp; restores itself really fast. $$</neutral>",0
Wed Dec 30 14:11:44 UTC 2009,"GOOG,TWENTYTEN",<neutral>By the end of $twentyten $GOOG Android will be a huge.</neutral>,0
Wed Dec 30 14:21:56 UTC 2009,"AAPL,GOOG",<neutral>RT @joestanley Which tech brand was most influential in the aughts? $goog or $aapl ? #tech</neutral>,0
Thu Dec 31 07:40:05 UTC 2009,GOOG,<neutral>RT @theEquilibrium http://chart.ly/47dxb4 $GOOG - weekly- doji above brkout- if it hlds 602 heading 4 new alltime high- but could use a rest</neutral>,0
Thu Dec 31 13:24:17 UTC 2009,"AAPL,GOOG",<neutral>RT @techbottle 2010: Five ways Google is taking a bite out of Apple... http://bit.ly/8pB6yu $GOOG $AAPL</neutral>,0
Thu Dec 31 15:49:42 UTC 2009,"AAPL,AIG,AMZN,AXP,DE,GOOG,HP,SKF,SPY","<very positive>In TOS &quot;PaperMoney&quot; I shorted $10K each $AAPL, $AMZN, $AXP, $DE, $GOOG, $HP, $SPY and long $SKF. Couldn&#39;t short $AIG. Will report 12/30/10.</very positive>",10
Thu Dec 31 19:40:52 UTC 2009,GOOG,<neutral>RT @TheMotleyFool That shiny new Droid phone you just got? Obsolete. Google&#39;s ($GOOG) Nexus One is imminent: http://bit.ly/6b6PYr</neutral>,0
Fri Jan 01 17:41:10 UTC 2010,GOOG,<neutral>RT @boxerconan RT @jasonhiner: Have u seen $goog&#39;s little New yr&#39;s trick? Go 2 $goog.com &amp; click &quot;I&#39;m Feeling Lucky&quot; </neutral>,0
Fri Jan 01 22:15:07 UTC 2010,"AAPL,GOOG",<neutral>Google Nexus One vs Apple iSlate: Which Excites You More? [POLL]  http://stk.ly/8AH5Tj  $AAPL $GOOG</neutral>,0
Sat Jan 02 21:05:31 UTC 2010,GOOG,<negative>But no Java support yet.  Apple will likely drag their feet as $GOOG becoming more of a rival </negative>,-2
Mon Jan 04 15:06:26 UTC 2010,"GOOG,MOT","<neutral>RT @firstadopter $GOOG can make better, faster, sexier Android phone / Nexus One, is there reason for $MOT Droid exist? http://bit.ly/91fUhh</neutral>",0
Mon Jan 04 16:25:31 UTC 2010,"AAPL,GOOG",<negative>RT @Be_Risen Google Prepares 4 Major Mobile Disruption http://cnbc.com/id/34688028 $AAPL $GOOG $$ / Here is to GOOG shaking it up!</negative>,-3
Mon Jan 04 18:23:51 UTC 2010,GOOG,<negative>that Google Nexus One is one ugly brick $GOOG</negative>,-3
Tue Jan 05 13:36:24 UTC 2010,GOOG,<neutral>RT @oktobernv $GOOG to announce its Nexus One today. http://www.businessweek.com/the_thread/techbeat/archives/2010/01/shoppers_intere.html</neutral>,0
Tue Jan 05 14:23:26 UTC 2010,"AAPL,GOOG,MSFT","<neutral>$GOOG unveiling Nexus One, $AAPL unveiling iTablet &amp; $MSFT&#39;s Ballmer opening Consumer Electronics Show (CES) by unveiling his ass</neutral>",0
Tue Jan 05 14:48:19 UTC 2010,GOOG,<neutral>Fox Biz  Talks $GOOG vs $APPL in phones -- to me it&#39;s not the device but the itunes store that really is the power</neutral>,0
Tue Jan 05 14:57:58 UTC 2010,"GOOG,OVTI",<neutral>$OVTI call action intriguing ahead of $GOOG Nexus announcement</neutral>,0
Tue Jan 05 15:06:42 UTC 2010,GOOG,<neutral>RT @roberee $GOOG Google cellphone Nexus One review. http://bit.ly/8gIsEf </neutral>,0
Tue Jan 05 15:41:38 UTC 2010,"AAPL,AMZN,GOOG",<positive>all good things come to an eventual end ...  $GOOG $AAPL $AMZN ... etc</positive>,2
Tue Jan 05 16:05:22 UTC 2010,GOOG,"<positive>Does anyone know if the $GOOG announcement will be webcast?  If so, where?  Thanks.</positive>",2
Tue Jan 05 16:23:10 UTC 2010,GOOG,<neutral>Does anyone know where today&#39;s $GOOG announcement will be webcast? $GOOG</neutral>,0
Tue Jan 05 17:44:52 UTC 2010,GOOG,<neutral>Anyone no of a site bloging during $GOOG&#39;s media day?</neutral>,0
Tue Jan 05 17:47:07 UTC 2010,GOOG,<positive>$GOOG back to the positive side...  </positive>,3
Tue Jan 05 17:49:51 UTC 2010,GOOG,<neutral>Danny will be all over the $GOOG Nexus One conference im sure and is live blogging @ 1pm est.  http://stk.ly/5qO2dT</neutral>,0
Tue Jan 05 17:51:39 UTC 2010,GOOG,<neutral>did tech crunch just crash because of the live $GOOG feed?</neutral>,0
Tue Jan 05 17:53:08 UTC 2010,GOOG,<neutral>where else can i watch the $GOOG feed?</neutral>,0
Tue Jan 05 17:59:35 UTC 2010,"AAPL,GOOG",<neutral>RT @jimgoldman Live Blog: The Google Announcement http://bit.ly/7SIDTH  $AAPL $GOOG #WirelessCommunications #Nasdaq #Media #Economy</neutral>,0
Tue Jan 05 18:01:20 UTC 2010,GOOG,<neutral>watching the @engadget live blog from $GOOG android press conference.   http://stk.ly/4C4Yat</neutral>,0
Tue Jan 05 18:07:27 UTC 2010,GOOG,<neutral>RT @Scobleizer Scobleizer  http://www.ustream.tv/channel/google-android-press-gathering LIVE NOW FROM GOOGLE ANDROID CONFERENCE. $GOOG</neutral>,0
Tue Jan 05 18:08:32 UTC 2010,GOOG,<neutral>RT @zerobeta http://www.ustream.tv/channel/google-android-press-gathering LIVE NOW FROM GOOGLE ANDROID CONFERENCE. $GOOG</neutral>,0
Tue Jan 05 18:09:54 UTC 2010,GOOG,"<positive>so amazing watching $GOOG show, USTREAM FTW!</positive>",3
Tue Jan 05 18:20:20 UTC 2010,GOOG,<negative>$GOOG&#39;s crash is coming! just like the End of The Disco Era in 1982 or J.Lo&#39;s crash from On the 6 to Giggli! = lower</negative>,-1
Tue Jan 05 18:21:19 UTC 2010,"GOOG,MSFT",<positive>BREAKING: $GOOG calls the Nexus One a &quot;super phone&quot;. $MSFT reportedly now working on a &quot;super-duper phone&quot;.  Developing...</positive>,3
Tue Jan 05 18:22:50 UTC 2010,GOOG,"<neutral>$GOOG $530 for each phone? why not like PALM&#39;s pre $99 = crash and burn, for lovers only</neutral>",0
Tue Jan 05 18:27:31 UTC 2010,"GOOG,S,VZ","<neutral>why buy a $530 phone, if I can go to $VZ and $S for FREE! $GOOG</neutral>",0
Tue Jan 05 18:30:19 UTC 2010,GOOG,<positive>I liked this $GOOG presenter much better in Harold and Kumar go to White Castle. </positive>,3
Tue Jan 05 18:30:59 UTC 2010,GOOG,<negative>$GOOG  Lexus 1 phone propaganda is just like &quot;the ballon boy&quot; fiasco!</negative>,-3
Tue Jan 05 18:38:03 UTC 2010,"AAPL,GOOG","<neutral>$$ companies still trying to &quot;trick&quot;smart shoppers, this is not the same 2007Spend-away economy! $GOOG $AAPL and tech will hybernate 4awhile</neutral>",0
Tue Jan 05 18:42:38 UTC 2010,"AAPL,GOOG",<negative>first thoughts on $GOOG Nexus?  Too complicated for the average user.  Everyone can use the IPhone due to its simplicity. $AAPL</negative>,-2
Tue Jan 05 18:46:01 UTC 2010,GOOG,<neutral>$goog will eventually have to launch a tablet too.</neutral>,0
Tue Jan 05 18:46:59 UTC 2010,GOOG,<neutral>will it make chin-chin reservations? ;) RT @ppearlman $goog will eventually have to launch a tablet too.</neutral>,0
Tue Jan 05 18:47:31 UTC 2010,GOOG,"<positive>@zerobeta thanks for posting the ustream link.  Over 15,000 viewers and we just lost the feed.  $GOOG</positive>",2
Tue Jan 05 18:48:05 UTC 2010,"GOOG,VZ",<neutral>$VZ get the $GOOG phone</neutral>,0
Tue Jan 05 18:55:27 UTC 2010,"GOOG,VZ",<neutral>No wonder $VZ was giving away the droid and throwing in the Eris for free. Better build a bigger pipe for $GOOG.</neutral>,0
Tue Jan 05 19:04:23 UTC 2010,"AAPL,GOOG,MOT,RIMM","<neutral>$GOOG announces Nexus One. Stock prices: $GOOG down, $MOT down, $RIMM down, $AAPL up.  Go figure.</neutral>",0
Tue Jan 05 19:11:47 UTC 2010,GOOG,<negative>$GOOG dumping on new phone lol. </negative>,-2
Tue Jan 05 19:13:38 UTC 2010,GOOG,"<positive>$GOOG selling off on it&#39;s phone release.  Could get a nice rally in APPL, MOT</positive>",2
Tue Jan 05 19:23:02 UTC 2010,GOOG,<negative>$GOOG not looking good.</negative>,-2
Tue Jan 05 19:23:12 UTC 2010,"EBAY,GOOG","<positive>I think $GOOG lost a great opportunity today with the &quot;Nexus Plexus&quot;, should use $EBAY dutch auction only =$700 ea phone</positive>",3
Tue Jan 05 19:23:15 UTC 2010,GOOG,<neutral>$GOOG google live conference on ustream</neutral>,0
Tue Jan 05 19:33:49 UTC 2010,GOOG,<neutral>$$GOOG classic sell the news scenario could rally  competitors</neutral>,0
Tue Jan 05 19:37:08 UTC 2010,GOOG,<positive>I guess GOOG will not be making profit on this phone.GOOG just want their android in your phone $GOOG</positive>,2
Tue Jan 05 19:49:08 UTC 2010,"AAPL,GOOG",<neutral>I don&#39;t think Stevie J and company are sweating after that presentation.  $AAPL $GOOG</neutral>,0
Tue Jan 05 20:33:26 UTC 2010,"GOOG,VZ","<positive>$VZ gets the $GOOG phone and looks set up to run here, nice high yield portfolio position  http://chart.ly/a36n2e</positive>",1
Tue Jan 05 21:16:53 UTC 2010,"GOOG,GS",<very negative>Technicianâ€™s Edge: A Look at the Two Gs - Google $GOOG and Goldman $GS | Afraid to Trade.com Blog http://bit.ly/5HgucH #mkt $$</very negative>,-5
Tue Jan 05 21:17:54 UTC 2010,"GOOG,GS",<very negative>Technicianâ€™s Edge: A Look at the Two Gs - Google $GOOG and Goldman $GS | Afraid to Trade.com Blog http://bit.ly/5HgucH #mkt $$</very negative>,-5
Tue Jan 05 21:40:01 UTC 2010,"GOOG,RIMM,VZ","<negative>With $GOOG deal, maybe $VZ can stop pimping these &quot;Piece of Crap&quot; BBerry Storms that $RIMM is passing off as a useful device.</negative>",-1
Tue Jan 05 22:49:26 UTC 2010,"AAPL,GOOG",<negative>this $GOOG phone is a very BIG deal; this is making me a little nervous about my $AAPL position!</negative>,-3
Tue Jan 05 23:14:27 UTC 2010,GOOG,"<very positive>$GOOG Nexus One looks like a slick phone, but &quot;super phone&quot;, &quot;revolutionary&quot;, &quot;disruptive&quot; - they are about 2 yrs late for those claims $$</very positive>",4
Wed Jan 06 01:09:16 UTC 2010,"AAPL,GOOG,MOT,PALM,RIMM,VZ",<neutral>RT @firstadopter Post: Google Nexus One Impact - The Winners and Losers - http://bit.ly/5rO9nA - $GOOG $AAPL $RIMM $PALM $VZ $MOT</neutral>,0
Wed Jan 06 01:39:31 UTC 2010,"AAPL,GOOG","<negative>RT @boxerconan çµæ§‹ã‚­ãƒ„ã„äº‹æ›¸ã„ã¦ã‚‹ï¼Žï¼Žï¼ŽAnalysis: Yawn, $GOOG Introduces iPhone Clone - http://shar.es/aQaem $AAPL / That was a snoozer</negative>",-3
Wed Jan 06 07:43:28 UTC 2010,GOOG,<neutral>@ppearlman $goog will probably not call it a tablet...lol</neutral>,0
Wed Jan 06 07:51:47 UTC 2010,GOOG,"<neutral>$GOOG&#39;s took out searching, now the modern mobile systems, and next desktop pc&#39;s with web based operating systems.  625 is peanuts.</neutral>",0
Wed Jan 06 08:33:36 UTC 2010,"AAPL,GOOG",<neutral>this $GOOG phone is a game changer; watch your $AAPL positions.</neutral>,0
Wed Jan 06 08:33:49 UTC 2010,"AAPL,GOOG",<neutral>this $GOOG phone is a game changer; watch your $AAPL/$RIMM positions.</neutral>,0
