id,body,user_id,user_login,message_source,message_type,avatar_url,avatar_url_ssl,investor_relations,private_relations,reply_count,reply_parent,chart,forex,future,filtered,followers,following,recommended,mention_ids,stock_ids,stock_symbols,in_reply_to_message_id,in_reply_to_user_id,in_reply_to_user_login,updated_at,created_at
407487,@dustin I&amp;#39;m long $aapl or at least until $goog OS is out next year.,2,genevate,default,normal,http://avatars.stocktwits.com/production/2/thumb-1330556785.png?407487,https://s3.amazonaws.com/st-avatars/production/2/thumb-1330556785.png?407487,false,false,0,false,false,false,false,false,0,0,false,1,"686,2044","AAPL,GOOG",,1,dustin,Fri Jul 10 21:47:36 UTC 2009,Fri Jul 10 21:47:36 UTC 2009
407509,Where&amp;#39;s Soren?,2,genevate,default,normal,http://avatars.stocktwits.com/production/2/thumb-1330556785.png?407509,https://s3.amazonaws.com/st-avatars/production/2/thumb-1330556785.png?407509,false,false,0,false,false,false,false,false,0,0,true,,,,,,,Fri Jul 10 22:13:47 UTC 2009,Fri Jul 10 22:13:47 UTC 2009
407519,right here.,3,sorenmacbeth,default,normal,http://avatars.stocktwits.com/production/3/thumb-1315848023.png?407519,https://s3.amazonaws.com/st-avatars/production/3/thumb-1315848023.png?407519,false,false,0,false,false,false,false,false,1,0,true,,,,,,,Fri Jul 10 22:25:42 UTC 2009,Fri Jul 10 22:25:42 UTC 2009
407520,@chris $goog os is a major fail waiting to happen.,3,sorenmacbeth,default,normal,http://avatars.stocktwits.com/production/3/thumb-1315848023.png?407520,https://s3.amazonaws.com/st-avatars/production/3/thumb-1315848023.png?407520,false,false,0,false,false,false,false,false,1,0,true,"",2044,GOOG,,,,Fri Jul 10 22:26:10 UTC 2009,Fri Jul 10 22:26:10 UTC 2009
407672,"hello premium",3,sorenmacbeth,default,normal,http://avatars.stocktwits.com/production/3/thumb-1315848023.png?407672,https://s3.amazonaws.com/st-avatars/production/3/thumb-1315848023.png?407672,false,false,0,false,false,false,false,false,2,0,true,,,,,,,Sat Jul 11 04:50:58 UTC 2009,Sat Jul 11 04:50:58 UTC 2009
407675,@sorenmacbeth it&amp;#39;s workign very well.,2,genevate,default,normal,http://avatars.stocktwits.com/production/2/thumb-1330556785.png?407675,https://s3.amazonaws.com/st-avatars/production/2/thumb-1330556785.png?407675,false,false,0,false,false,false,false,false,0,1,false,3,,,,3,sorenmacbeth,Sat Jul 11 04:54:26 UTC 2009,Sat Jul 11 04:54:26 UTC 2009
407688,$GOOG nice rally off breakdown,5,howardlindzon,default,normal,http://avatars.stocktwits.com/production/5/thumb-1314510834.png?407688,https://s3.amazonaws.com/st-avatars/production/5/thumb-1314510834.png?407688,false,false,0,false,false,false,false,false,0,0,true,,2044,GOOG,,,,Sat Jul 11 05:35:10 UTC 2009,Sat Jul 11 05:35:10 UTC 2009
407689,$AAPL liver,5,howardlindzon,default,normal,http://avatars.stocktwits.com/production/5/thumb-1314510834.png?407689,https://s3.amazonaws.com/st-avatars/production/5/thumb-1314510834.png?407689,false,false,0,false,false,false,false,false,0,0,true,,686,AAPL,,,,Sat Jul 11 05:36:05 UTC 2009,Sat Jul 11 05:36:05 UTC 2009
407690,hhhhhhhhhhhowie,5,howardlindzon,default,normal,http://avatars.stocktwits.com/production/5/thumb-1314510834.png?407690,https://s3.amazonaws.com/st-avatars/production/5/thumb-1314510834.png?407690,false,false,0,false,false,false,false,false,0,0,true,,,,,,,Sat Jul 11 05:37:48 UTC 2009,Sat Jul 11 05:37:48 UTC 2009
407691,RT @howardlindzon $AAPL liver,5,howardlindzon,default,normal,http://avatars.stocktwits.com/production/5/thumb-1314510834.png?407691,https://s3.amazonaws.com/st-avatars/production/5/thumb-1314510834.png?407691,false,false,0,false,false,false,false,false,0,0,true,5,686,AAPL,,5,howardlindzon,Sat Jul 11 05:38:01 UTC 2009,Sat Jul 11 05:38:01 UTC 2009
407693,RT @howardlindzon RT @howardlindzon $AAPL liver,5,howardlindzon,default,normal,http://avatars.stocktwits.com/production/5/thumb-1314510834.png?407693,https://s3.amazonaws.com/st-avatars/production/5/thumb-1314510834.png?407693,false,false,0,false,false,false,false,false,0,0,true,5,686,AAPL,,5,howardlindzon,Sat Jul 11 05:38:16 UTC 2009,Sat Jul 11 05:38:16 UTC 2009
407694,@sorenmacbeth woont let me dm you,5,howardlindzon,default,normal,http://avatars.stocktwits.com/production/5/thumb-1314510834.png?407694,https://s3.amazonaws.com/st-avatars/production/5/thumb-1314510834.png?407694,false,false,0,false,false,false,false,false,0,0,true,3,,,,3,sorenmacbeth,Sat Jul 11 05:39:33 UTC 2009,Sat Jul 11 05:39:33 UTC 2009
407703,new pic in profile.  why is it not updating,5,howardlindzon,default,normal,http://avatars.stocktwits.com/production/5/thumb-1314510834.png?407703,https://s3.amazonaws.com/st-avatars/production/5/thumb-1314510834.png?407703,false,false,0,false,false,false,false,false,0,0,true,,,,,,,Sat Jul 11 06:51:12 UTC 2009,Sat Jul 11 06:51:12 UTC 2009
407704,really elegant @genevate. nice alpha biiitch,5,howardlindzon,default,normal,http://avatars.stocktwits.com/production/5/thumb-1314510834.png?407704,https://s3.amazonaws.com/st-avatars/production/5/thumb-1314510834.png?407704,false,false,0,false,false,false,false,false,0,0,true,2,,,,2,genevate,Sat Jul 11 06:52:05 UTC 2009,Sat Jul 11 06:52:05 UTC 2009
407714,@howardlindzon because I wasn&amp;#39;t following you. I am now. now you need to follow me back :),3,sorenmacbeth,default,normal,http://avatars.stocktwits.com/production/3/thumb-1315848023.png?407714,https://s3.amazonaws.com/st-avatars/production/3/thumb-1315848023.png?407714,false,false,0,false,false,false,false,false,2,0,true,5,,,,5,howardlindzon,Sat Jul 11 08:49:21 UTC 2009,Sat Jul 11 08:49:21 UTC 2009
407717,@howardlindzon @genevate dopeness.,3,sorenmacbeth,default,normal,http://avatars.stocktwits.com/production/3/thumb-1315848023.png?407717,https://s3.amazonaws.com/st-avatars/production/3/thumb-1315848023.png?407717,false,false,0,false,false,false,false,false,2,0,true,"2,5",,,,5,howardlindzon,Sat Jul 11 08:55:00 UTC 2009,Sat Jul 11 08:55:00 UTC 2009
407750,@sorenmacbeth only one of my dm&amp;#39;s is showing up in my dm&amp;#39;s sent,5,howardlindzon,default,normal,http://avatars.stocktwits.com/production/5/thumb-1314510834.png?407750,https://s3.amazonaws.com/st-avatars/production/5/thumb-1314510834.png?407750,false,false,0,false,false,false,false,false,0,0,true,3,,,,3,sorenmacbeth,Sat Jul 11 13:12:06 UTC 2009,Sat Jul 11 13:12:06 UTC 2009
407821,"@howardlindzon Ha, thanks mokey",2,genevate,default,normal,http://avatars.stocktwits.com/production/2/thumb-1330556785.png?407821,https://s3.amazonaws.com/st-avatars/production/2/thumb-1330556785.png?407821,false,false,0,false,false,false,false,false,0,1,false,5,,,,5,howardlindzon,Sat Jul 11 14:52:51 UTC 2009,Sat Jul 11 14:52:51 UTC 2009
407979,"its quiet in here, for now.",3,sorenmacbeth,default,normal,http://avatars.stocktwits.com/production/3/thumb-1315848023.png?407979,https://s3.amazonaws.com/st-avatars/production/3/thumb-1315848023.png?407979,false,false,0,false,false,false,false,false,2,0,true,,,,,,,Sat Jul 11 21:48:29 UTC 2009,Sat Jul 11 21:48:29 UTC 2009
407982,@howardlindzon fill out your extended profile from the settings menu in the upper right hand corner.,3,sorenmacbeth,default,normal,http://avatars.stocktwits.com/production/3/thumb-1315848023.png?407982,https://s3.amazonaws.com/st-avatars/production/3/thumb-1315848023.png?407982,false,false,0,false,false,false,false,false,2,0,true,5,,,,5,howardlindzon,Sat Jul 11 22:22:28 UTC 2009,Sat Jul 11 22:22:28 UTC 2009
408000,$DBV,3,sorenmacbeth,default,normal,http://avatars.stocktwits.com/production/3/thumb-1315848023.png?408000,https://s3.amazonaws.com/st-avatars/production/3/thumb-1315848023.png?408000,false,false,0,false,false,false,false,false,2,0,true,,4920,DBV,,,,Sat Jul 11 23:36:44 UTC 2009,Sat Jul 11 23:36:44 UTC 2009
408001,$GOOG,3,sorenmacbeth,default,normal,http://avatars.stocktwits.com/production/3/thumb-1315848023.png?408001,https://s3.amazonaws.com/st-avatars/production/3/thumb-1315848023.png?408001,false,false,0,false,false,false,false,false,2,0,true,,2044,GOOG,,,,Sat Jul 11 23:36:50 UTC 2009,Sat Jul 11 23:36:50 UTC 2009
408002,@sorenmacbeth says my website is not a valid URL and than I have to refill.  also what do I put in Facebooka nd Twitter?,5,howardlindzon,default,normal,http://avatars.stocktwits.com/production/5/thumb-1314510834.png?408002,https://s3.amazonaws.com/st-avatars/production/5/thumb-1314510834.png?408002,false,false,0,false,false,false,false,false,0,0,true,3,,,,3,sorenmacbeth,Sat Jul 11 23:42:06 UTC 2009,Sat Jul 11 23:42:06 UTC 2009
408003,@howardlindzon just put your twitter username for twitter. make sure you add the http:// when adding your url.,3,sorenmacbeth,default,normal,http://avatars.stocktwits.com/production/3/thumb-1315848023.png?408003,https://s3.amazonaws.com/st-avatars/production/3/thumb-1315848023.png?408003,false,false,0,false,false,false,false,false,2,0,true,5,,,,5,howardlindzon,Sat Jul 11 23:52:31 UTC 2009,Sat Jul 11 23:52:31 UTC 2009
408004,"@howardlindzon same for facebook, just put howardlindzon for both.",3,sorenmacbeth,default,normal,http://avatars.stocktwits.com/production/3/thumb-1315848023.png?408004,https://s3.amazonaws.com/st-avatars/production/3/thumb-1315848023.png?408004,false,false,0,false,false,false,false,false,2,0,true,5,,,,5,howardlindzon,Sat Jul 11 23:56:14 UTC 2009,Sat Jul 11 23:56:14 UTC 2009
408033,@genevate how was the ride?,3,sorenmacbeth,default,normal,http://avatars.stocktwits.com/production/3/thumb-1315848023.png?408033,https://s3.amazonaws.com/st-avatars/production/3/thumb-1315848023.png?408033,false,false,0,false,false,false,false,false,2,0,true,2,,,,2,genevate,Sun Jul 12 02:19:54 UTC 2009,Sun Jul 12 02:19:54 UTC 2009
408041,@sorenmacbeth how do you set up a new group,5,howardlindzon,default,normal,http://avatars.stocktwits.com/production/5/thumb-1314510834.png?408041,https://s3.amazonaws.com/st-avatars/production/5/thumb-1314510834.png?408041,false,false,0,false,false,false,false,false,0,0,true,3,,,,3,sorenmacbeth,Sun Jul 12 02:51:42 UTC 2009,Sun Jul 12 02:51:42 UTC 2009
408043,"@howardlindzon click on groups in the menu bar, then click the &amp;#39;groups owned&amp;#39; tab, then click the new group button.",3,sorenmacbeth,default,normal,http://avatars.stocktwits.com/production/3/thumb-1315848023.png?408043,https://s3.amazonaws.com/st-avatars/production/3/thumb-1315848023.png?408043,false,false,0,false,false,false,false,false,2,0,true,5,,,,5,howardlindzon,Sun Jul 12 02:55:26 UTC 2009,Sun Jul 12 02:55:26 UTC 2009
408053,@sorenmacbeth whats the verdict so far...like the list you sent me...need to work on profiles and features on freeeee,5,howardlindzon,default,normal,http://avatars.stocktwits.com/production/5/thumb-1314510834.png?408053,https://s3.amazonaws.com/st-avatars/production/5/thumb-1314510834.png?408053,false,false,0,false,false,false,false,false,0,0,true,3,,,,3,sorenmacbeth,Sun Jul 12 03:10:23 UTC 2009,Sun Jul 12 03:10:23 UTC 2009
408128,hey gang - loaded nicely - gonna take it for a spin now!,6,tonysphere,default,normal,http://avatars.stocktwits.com/production/6/thumb-1251775948.png?408128,https://s3.amazonaws.com/st-avatars/production/6/thumb-1251775948.png?408128,false,false,0,false,false,false,false,false,0,0,true,,,,,,,Sun Jul 12 04:43:15 UTC 2009,Sun Jul 12 04:43:15 UTC 2009
408138,"slick so far, kudos - a bit hard to see the black type on a grey background",6,tonysphere,default,normal,http://avatars.stocktwits.com/production/6/thumb-1251775948.png?408138,https://s3.amazonaws.com/st-avatars/production/6/thumb-1251775948.png?408138,false,false,0,false,false,false,false,false,0,1,true,,,,,,,Sun Jul 12 04:53:17 UTC 2009,Sun Jul 12 04:53:17 UTC 2009
408144,@tonysphere wooooooooo its fast ,5,howardlindzon,default,normal,http://avatars.stocktwits.com/production/5/thumb-1314510834.png?408144,https://s3.amazonaws.com/st-avatars/production/5/thumb-1314510834.png?408144,false,false,0,false,false,false,false,false,0,0,true,6,,,,6,tonysphere,Sun Jul 12 05:01:30 UTC 2009,Sun Jul 12 05:01:30 UTC 2009
408148,@tonysphere welcome to stocktwits premium alpha :),3,sorenmacbeth,default,normal,http://avatars.stocktwits.com/production/3/thumb-1315848023.png?408148,https://s3.amazonaws.com/st-avatars/production/3/thumb-1315848023.png?408148,false,false,0,false,false,false,false,false,3,1,true,6,,,,6,tonysphere,Sun Jul 12 05:08:29 UTC 2009,Sun Jul 12 05:08:29 UTC 2009
408152, bit.ly working well: http://bit.ly/IUJPr,3,sorenmacbeth,default,normal,http://avatars.stocktwits.com/production/3/thumb-1315848023.png?408152,https://s3.amazonaws.com/st-avatars/production/3/thumb-1315848023.png?408152,false,false,0,false,false,false,false,false,3,1,true,,,,,,,Sun Jul 12 05:13:45 UTC 2009,Sun Jul 12 05:13:45 UTC 2009
408157,@sorenmacbeth what about the stk.bitly,5,howardlindzon,default,normal,http://avatars.stocktwits.com/production/5/thumb-1314510834.png?408157,https://s3.amazonaws.com/st-avatars/production/5/thumb-1314510834.png?408157,false,false,0,false,false,false,false,false,0,0,true,3,,,,3,sorenmacbeth,Sun Jul 12 05:18:56 UTC 2009,Sun Jul 12 05:18:56 UTC 2009
408166,@tonysphere retweet yourself to get a gold star but be careful...you could go blind :),5,howardlindzon,default,normal,http://avatars.stocktwits.com/production/5/thumb-1314510834.png?408166,https://s3.amazonaws.com/st-avatars/production/5/thumb-1314510834.png?408166,false,false,0,false,false,false,false,false,0,0,true,6,,,,6,tonysphere,Sun Jul 12 05:47:46 UTC 2009,Sun Jul 12 05:47:46 UTC 2009
408243,"RT @tonysphere slick so far, kudos - a bit hard to see the black type on a grey background ",6,tonysphere,default,normal,http://avatars.stocktwits.com/production/6/thumb-1251775948.png?408243,https://s3.amazonaws.com/st-avatars/production/6/thumb-1251775948.png?408243,false,false,0,false,false,false,false,false,1,1,true,6,,,,6,tonysphere,Sun Jul 12 17:13:14 UTC 2009,Sun Jul 12 17:13:14 UTC 2009
408333,"We&amp;#39;ve gotten a lower low on the $AUDUSD, watching for a lower high now to signal a possible change of trend.",3,sorenmacbeth,default,normal,http://avatars.stocktwits.com/production/3/thumb-1315848023.png?408333,https://s3.amazonaws.com/st-avatars/production/3/thumb-1315848023.png?408333,false,false,0,false,false,true,false,false,3,1,true,,664,AUDUSD,,,,Sun Jul 12 19:46:27 UTC 2009,Sun Jul 12 19:46:27 UTC 2009
408769,mami likes,7,Marissa,default,normal,http://avatars.stocktwits.com/production/7/thumb-1259098683.png?408769,https://s3.amazonaws.com/st-avatars/production/7/thumb-1259098683.png?408769,false,false,0,false,false,false,false,false,0,0,false,,,,,,,Mon Jul 13 11:53:49 UTC 2009,Mon Jul 13 11:53:49 UTC 2009
408770,when i signed up it asked for account info- what was this reffering to. before i was brought to the page to download the app,7,Marissa,default,normal,http://avatars.stocktwits.com/production/7/thumb-1259098683.png?408770,https://s3.amazonaws.com/st-avatars/production/7/thumb-1259098683.png?408770,false,false,0,false,false,false,false,false,0,0,false,,,,,,,Mon Jul 13 11:54:41 UTC 2009,Mon Jul 13 11:54:41 UTC 2009
408772,how do i get on this mofo recommended!,7,Marissa,default,normal,http://avatars.stocktwits.com/production/7/thumb-1259098683.png?408772,https://s3.amazonaws.com/st-avatars/production/7/thumb-1259098683.png?408772,false,false,0,false,false,false,false,false,0,0,false,,,,,,,Mon Jul 13 11:54:57 UTC 2009,Mon Jul 13 11:54:57 UTC 2009
408779,can you delete posts? ,7,Marissa,default,normal,http://avatars.stocktwits.com/production/7/thumb-1259098683.png?408779,https://s3.amazonaws.com/st-avatars/production/7/thumb-1259098683.png?408779,false,false,0,false,false,false,false,false,0,0,false,,,,,,,Mon Jul 13 11:59:30 UTC 2009,Mon Jul 13 11:59:30 UTC 2009
408781,"overall, i really like the feel of this. textbook case of student surpasses the master, as far as tweetdeck is concerned",7,Marissa,default,normal,http://avatars.stocktwits.com/production/7/thumb-1259098683.png?408781,https://s3.amazonaws.com/st-avatars/production/7/thumb-1259098683.png?408781,false,false,0,false,false,false,false,false,0,0,false,,,,,,,Mon Jul 13 12:00:19 UTC 2009,Mon Jul 13 12:00:19 UTC 2009
408784,hey i unfollowed the @howardlindzon guy on premium but am still following on twitter,7,Marissa,default,normal,http://avatars.stocktwits.com/production/7/thumb-1259098683.png?408784,https://s3.amazonaws.com/st-avatars/production/7/thumb-1259098683.png?408784,false,false,0,false,false,false,false,false,0,0,false,5,,,,5,howardlindzon,Mon Jul 13 12:02:24 UTC 2009,Mon Jul 13 12:02:24 UTC 2009
408795,a good f******g reason to swear http://bit.ly/jYVCm,7,Marissa,default,normal,http://avatars.stocktwits.com/production/7/thumb-1259098683.png?408795,https://s3.amazonaws.com/st-avatars/production/7/thumb-1259098683.png?408795,false,false,0,false,false,false,false,false,0,0,false,,,,,,,Mon Jul 13 12:08:22 UTC 2009,Mon Jul 13 12:08:22 UTC 2009
408797,i have to take my comments offline to make sure i am in sync with the &amp;quot;known issues&amp;quot; doc,7,Marissa,default,normal,http://avatars.stocktwits.com/production/7/thumb-1259098683.png?408797,https://s3.amazonaws.com/st-avatars/production/7/thumb-1259098683.png?408797,false,false,0,false,false,false,false,false,0,0,false,,,,,,,Mon Jul 13 12:08:45 UTC 2009,Mon Jul 13 12:08:45 UTC 2009
408798,"clean up this community, tho- only hoodlums signed up so far :)",7,Marissa,default,normal,http://avatars.stocktwits.com/production/7/thumb-1259098683.png?408798,https://s3.amazonaws.com/st-avatars/production/7/thumb-1259098683.png?408798,false,false,0,false,false,false,false,false,0,0,false,,,,,,,Mon Jul 13 12:09:42 UTC 2009,Mon Jul 13 12:09:42 UTC 2009
409324,"@marissa_alex Delete post is a known issue. We have that ability, just the link to do it is missing.",2,genevate,default,normal,http://avatars.stocktwits.com/production/2/thumb-1330556785.png?409324,https://s3.amazonaws.com/st-avatars/production/2/thumb-1330556785.png?409324,false,false,0,false,false,false,false,false,0,1,false,"",,,,,,Mon Jul 13 14:34:19 UTC 2009,Mon Jul 13 14:34:19 UTC 2009
409335,"@marissa_alex You ask a ton of questions!  Like the avatar tho",2,genevate,default,normal,http://avatars.stocktwits.com/production/2/thumb-1330556785.png?409335,https://s3.amazonaws.com/st-avatars/production/2/thumb-1330556785.png?409335,false,false,0,false,false,false,false,false,1,2,false,"",,,,,,Mon Jul 13 14:36:17 UTC 2009,Mon Jul 13 14:36:17 UTC 2009
409336,"@genevate yea, i saw that after i said it. damn it. i couldn&amp;#39;t delete it! :)",7,Marissa,default,normal,http://avatars.stocktwits.com/production/7/thumb-1259098683.png?409336,https://s3.amazonaws.com/st-avatars/production/7/thumb-1259098683.png?409336,false,false,0,false,false,false,false,false,2,4,false,2,,,,2,genevate,Mon Jul 13 14:36:32 UTC 2009,Mon Jul 13 14:36:32 UTC 2009
409340,@genevate the coolest people on premium have repped stocktwits in their avatar somehow. i&amp;#39;m just saying!,7,Marissa,default,normal,http://avatars.stocktwits.com/production/7/thumb-1259098683.png?409340,https://s3.amazonaws.com/st-avatars/production/7/thumb-1259098683.png?409340,false,false,0,false,false,false,false,false,2,4,false,2,,,,2,genevate,Mon Jul 13 14:37:15 UTC 2009,Mon Jul 13 14:37:15 UTC 2009
409346,"@marissa_alex ha, you know it.",2,genevate,default,normal,http://avatars.stocktwits.com/production/2/thumb-1330556785.png?409346,https://s3.amazonaws.com/st-avatars/production/2/thumb-1330556785.png?409346,false,false,0,false,false,false,false,false,1,2,false,"",,,,,,Mon Jul 13 14:38:15 UTC 2009,Mon Jul 13 14:38:15 UTC 2009
409428,@marissa_alex i blocked you on both...and it seems to work,5,howardlindzon,default,normal,http://avatars.stocktwits.com/production/5/thumb-1314510834.png?409428,https://s3.amazonaws.com/st-avatars/production/5/thumb-1314510834.png?409428,false,false,0,false,false,false,false,false,1,0,true,"",,,,,,Mon Jul 13 14:51:10 UTC 2009,Mon Jul 13 14:51:10 UTC 2009
409455,@genevate @marissa_alex I agree as well.,3,sorenmacbeth,default,normal,http://avatars.stocktwits.com/production/3/thumb-1315848023.png?409455,https://s3.amazonaws.com/st-avatars/production/3/thumb-1315848023.png?409455,false,false,0,false,false,false,false,false,4,2,true,2,,,,2,genevate,Mon Jul 13 14:55:28 UTC 2009,Mon Jul 13 14:55:28 UTC 2009
409619,using different usernames,10,niubi,default,normal,http://avatars.stocktwits.com/production/10/thumb-1302060094.png?409619,https://s3.amazonaws.com/st-avatars/production/10/thumb-1302060094.png?409619,false,false,0,false,false,false,false,false,0,0,true,,,,,,,Mon Jul 13 15:20:51 UTC 2009,Mon Jul 13 15:20:51 UTC 2009
409626,so will $faz have 2 reverse split again?,10,niubi,default,normal,http://avatars.stocktwits.com/production/10/thumb-1302060094.png?409626,https://s3.amazonaws.com/st-avatars/production/10/thumb-1302060094.png?409626,false,false,0,false,false,false,false,false,0,0,true,,5292,FAZ,,,,Mon Jul 13 15:22:31 UTC 2009,Mon Jul 13 15:22:31 UTC 2009
409629,"@bill welcome bill, looking forward to your thoughts :)",3,sorenmacbeth,default,normal,http://avatars.stocktwits.com/production/3/thumb-1315848023.png?409629,https://s3.amazonaws.com/st-avatars/production/3/thumb-1315848023.png?409629,false,false,0,false,false,false,false,false,4,2,true,10,,,,10,bill,Mon Jul 13 15:23:06 UTC 2009,Mon Jul 13 15:23:06 UTC 2009
409635,@sorenmacbeth interesting that i can have diff names in here and twitter but still post 2 both accounts from st premium ,10,niubi,default,normal,http://avatars.stocktwits.com/production/10/thumb-1302060094.png?409635,https://s3.amazonaws.com/st-avatars/production/10/thumb-1302060094.png?409635,false,false,0,false,false,false,false,false,0,0,true,3,,,,3,sorenmacbeth,Mon Jul 13 15:23:52 UTC 2009,Mon Jul 13 15:23:52 UTC 2009
409648,"@bill yeah, thanks to oauth integration.",3,sorenmacbeth,default,normal,http://avatars.stocktwits.com/production/3/thumb-1315848023.png?409648,https://s3.amazonaws.com/st-avatars/production/3/thumb-1315848023.png?409648,false,false,0,false,false,false,false,false,4,2,true,10,,,,10,bill,Mon Jul 13 15:26:02 UTC 2009,Mon Jul 13 15:26:02 UTC 2009
409654,anyone that hasn&amp;#39;t already should please go and will out more of your profiles from the settings menu in the upper right.,3,sorenmacbeth,default,normal,http://avatars.stocktwits.com/production/3/thumb-1315848023.png?409654,https://s3.amazonaws.com/st-avatars/production/3/thumb-1315848023.png?409654,false,false,0,false,false,false,false,false,4,3,true,,,,,,,Mon Jul 13 15:26:55 UTC 2009,Mon Jul 13 15:26:55 UTC 2009
409657,@sorenmacbeth nice. doesn&amp;#39;t auto import my twitter follows who r also in here by design? have 2 refollow u and @howardlindzon,10,niubi,default,normal,http://avatars.stocktwits.com/production/10/thumb-1302060094.png?409657,https://s3.amazonaws.com/st-avatars/production/10/thumb-1302060094.png?409657,false,false,0,false,false,false,false,false,1,0,true,"3,5",,,,3,sorenmacbeth,Mon Jul 13 15:27:40 UTC 2009,Mon Jul 13 15:27:40 UTC 2009
409667,"@bill yes, that feature isn&amp;#39;t done yet, but is coming soon.",3,sorenmacbeth,default,normal,http://avatars.stocktwits.com/production/3/thumb-1315848023.png?409667,https://s3.amazonaws.com/st-avatars/production/3/thumb-1315848023.png?409667,false,false,0,false,false,false,false,false,5,3,true,10,,,,10,bill,Mon Jul 13 15:29:57 UTC 2009,Mon Jul 13 15:29:57 UTC 2009
409682,set up a group called china adrs  @howardlindzon still the man w his $snda and $ntes calls,10,niubi,default,normal,http://avatars.stocktwits.com/production/10/thumb-1302060094.png?409682,https://s3.amazonaws.com/st-avatars/production/10/thumb-1302060094.png?409682,false,false,0,false,false,false,false,false,1,1,true,5,"2907,3584","NTES,SNDA",,5,howardlindzon,Mon Jul 13 15:31:36 UTC 2009,Mon Jul 13 15:31:36 UTC 2009
409684,@upsidetrader set up a real pic avatar buddy,5,howardlindzon,default,normal,http://avatars.stocktwits.com/production/5/thumb-1314510834.png?409684,https://s3.amazonaws.com/st-avatars/production/5/thumb-1314510834.png?409684,false,false,0,false,false,false,false,false,1,0,true,11,,,,11,upsidetrader,Mon Jul 13 15:31:47 UTC 2009,Mon Jul 13 15:31:47 UTC 2009
409688,@bill welcome to premium.  ,5,howardlindzon,default,normal,http://avatars.stocktwits.com/production/5/thumb-1314510834.png?409688,https://s3.amazonaws.com/st-avatars/production/5/thumb-1314510834.png?409688,false,false,0,false,false,false,false,false,1,0,true,10,,,,10,bill,Mon Jul 13 15:32:10 UTC 2009,Mon Jul 13 15:32:10 UTC 2009
409701,Joinedmy first group @bill china SDR&amp;#39;s,5,howardlindzon,default,normal,http://avatars.stocktwits.com/production/5/thumb-1314510834.png?409701,https://s3.amazonaws.com/st-avatars/production/5/thumb-1314510834.png?409701,false,false,0,false,false,false,false,false,1,0,true,10,,,,10,bill,Mon Jul 13 15:33:41 UTC 2009,Mon Jul 13 15:33:41 UTC 2009
409732,@agwarner welcom adam...get up an avatar and fill out the profile,5,howardlindzon,default,normal,http://avatars.stocktwits.com/production/5/thumb-1314510834.png?409732,https://s3.amazonaws.com/st-avatars/production/5/thumb-1314510834.png?409732,false,false,0,false,false,false,false,false,1,0,true,14,,,,14,agwarner,Mon Jul 13 15:37:39 UTC 2009,Mon Jul 13 15:37:39 UTC 2009
409738,@howardlindzon gotcha,14,agwarner,default,normal,http://avatars.stocktwits.com/production/14/thumb-1278536029.png?409738,https://s3.amazonaws.com/st-avatars/production/14/thumb-1278536029.png?409738,false,false,0,false,false,false,false,false,0,0,true,5,,,,5,howardlindzon,Mon Jul 13 15:38:22 UTC 2009,Mon Jul 13 15:38:22 UTC 2009
409765,@howardlindzon how do i view what is posted into that china adr group?,10,niubi,default,normal,http://avatars.stocktwits.com/production/10/thumb-1302060094.png?409765,https://s3.amazonaws.com/st-avatars/production/10/thumb-1302060094.png?409765,false,false,0,false,false,false,false,false,1,1,true,5,,,,5,howardlindzon,Mon Jul 13 15:42:20 UTC 2009,Mon Jul 13 15:42:20 UTC 2009
409768,@stevenplace hey steve - avatar it up,5,howardlindzon,default,normal,http://avatars.stocktwits.com/production/5/thumb-1314510834.png?409768,https://s3.amazonaws.com/st-avatars/production/5/thumb-1314510834.png?409768,false,false,0,false,false,false,false,false,1,0,true,15,,,,15,stevenplace,Mon Jul 13 15:42:55 UTC 2009,Mon Jul 13 15:42:55 UTC 2009
409769,@bill not sure hey @sorenmacbeth how do we view grouyp tweets,5,howardlindzon,default,normal,http://avatars.stocktwits.com/production/5/thumb-1314510834.png?409769,https://s3.amazonaws.com/st-avatars/production/5/thumb-1314510834.png?409769,false,false,0,false,false,false,false,false,1,0,true,"3,10",,,,10,bill,Mon Jul 13 15:43:09 UTC 2009,Mon Jul 13 15:43:09 UTC 2009
409789,@howardlindzon done and done. probably too many selections in &amp;quot;industry&amp;quot; list in profile settings,15,stevenplace,default,normal,http://avatars.stocktwits.com/production/15/thumb-1291727460.png?409789,https://s3.amazonaws.com/st-avatars/production/15/thumb-1291727460.png?409789,false,false,0,false,false,false,false,false,0,0,true,5,,,,5,howardlindzon,Mon Jul 13 15:46:07 UTC 2009,Mon Jul 13 15:46:07 UTC 2009
409790,@upsidetrader freind people and bang round.  you are the one guy we are hping can break this,5,howardlindzon,default,normal,http://avatars.stocktwits.com/production/5/thumb-1314510834.png?409790,https://s3.amazonaws.com/st-avatars/production/5/thumb-1314510834.png?409790,false,false,0,false,false,false,false,false,1,0,true,11,,,,11,upsidetrader,Mon Jul 13 15:46:14 UTC 2009,Mon Jul 13 15:46:14 UTC 2009
409795,"I&amp;#39;m in...very cool, looking forward to giving this a run through and sharing feedback.",17,JasonWood,default,normal,http://avatars.stocktwits.com/production/17/thumb-1264518135.png?409795,https://s3.amazonaws.com/st-avatars/production/17/thumb-1264518135.png?409795,false,false,0,false,false,false,false,false,0,0,true,,,,,,,Mon Jul 13 15:46:22 UTC 2009,Mon Jul 13 15:46:22 UTC 2009
409797,@stevenplace agreed.,5,howardlindzon,default,normal,http://avatars.stocktwits.com/production/5/thumb-1314510834.png?409797,https://s3.amazonaws.com/st-avatars/production/5/thumb-1314510834.png?409797,false,false,0,false,false,false,false,false,1,0,true,15,,,,15,stevenplace,Mon Jul 13 15:46:23 UTC 2009,Mon Jul 13 15:46:23 UTC 2009
409800,@wood83 sweet - avatar and profile and freiend away,5,howardlindzon,default,normal,http://avatars.stocktwits.com/production/5/thumb-1314510834.png?409800,https://s3.amazonaws.com/st-avatars/production/5/thumb-1314510834.png?409800,false,false,0,false,false,false,false,false,1,0,true,17,,,,17,wood83,Mon Jul 13 15:46:38 UTC 2009,Mon Jul 13 15:46:38 UTC 2009
409806,Hey all - we need a stocktwits premium update sound.  thoughts... like tweetdeck but MORE MONEY,5,howardlindzon,default,normal,http://avatars.stocktwits.com/production/5/thumb-1314510834.png?409806,https://s3.amazonaws.com/st-avatars/production/5/thumb-1314510834.png?409806,false,false,0,false,false,false,false,false,2,0,true,,,,,,,Mon Jul 13 15:47:16 UTC 2009,Mon Jul 13 15:47:16 UTC 2009
409812,@howardlindzon just do a 300-esque &amp;quot;spartan&amp;quot; cry for updates-- i&amp;#39;m sure @upsidetrader would agree,15,stevenplace,default,normal,http://avatars.stocktwits.com/production/15/thumb-1291727460.png?409812,https://s3.amazonaws.com/st-avatars/production/15/thumb-1291727460.png?409812,false,false,0,false,false,false,false,false,0,2,true,"5,11",,,,5,howardlindzon,Mon Jul 13 15:47:57 UTC 2009,Mon Jul 13 15:47:57 UTC 2009
409819,"@howardlindzon -- when following someone, we don&amp;#39;t need a confirmation dialog box",15,stevenplace,default,normal,http://avatars.stocktwits.com/production/15/thumb-1291727460.png?409819,https://s3.amazonaws.com/st-avatars/production/15/thumb-1291727460.png?409819,false,false,0,false,false,false,false,false,0,3,true,5,,,,5,howardlindzon,Mon Jul 13 15:48:48 UTC 2009,Mon Jul 13 15:48:48 UTC 2009
409821,@howardlindzon cash register. ching,7,Marissa,default,normal,http://avatars.stocktwits.com/production/7/thumb-1259098683.png?409821,https://s3.amazonaws.com/st-avatars/production/7/thumb-1259098683.png?409821,false,false,0,false,false,false,false,false,2,4,false,5,,,,5,howardlindzon,Mon Jul 13 15:48:52 UTC 2009,Mon Jul 13 15:48:52 UTC 2009
409825,just got in. ,19,jcal7,default,normal,http://avatars.stocktwits.com/production/19/thumb-1247500995.png?409825,https://s3.amazonaws.com/st-avatars/production/19/thumb-1247500995.png?409825,false,false,0,false,false,false,false,false,0,0,false,,,,,,,Mon Jul 13 15:49:11 UTC 2009,Mon Jul 13 15:49:11 UTC 2009
409834,"@howardlindzon sometimes when replying to someone, cursor leaves dialog box and your typing is futile",15,stevenplace,default,normal,http://avatars.stocktwits.com/production/15/thumb-1291727460.png?409834,https://s3.amazonaws.com/st-avatars/production/15/thumb-1291727460.png?409834,false,false,0,false,false,false,false,false,0,3,true,5,,,,5,howardlindzon,Mon Jul 13 15:50:20 UTC 2009,Mon Jul 13 15:50:20 UTC 2009
409844,@howardlindzon cash register ring,18,ToddSullivan,default,normal,http://avatars.stocktwits.com/production/18/thumb-1321548718.png?409844,https://s3.amazonaws.com/st-avatars/production/18/thumb-1321548718.png?409844,false,false,0,false,false,false,false,false,0,0,true,5,,,,5,howardlindzon,Mon Jul 13 15:51:53 UTC 2009,Mon Jul 13 15:51:53 UTC 2009
409845,@howardlindzon need to have wordwrap in trader profile,15,stevenplace,default,normal,http://avatars.stocktwits.com/production/15/thumb-1291727460.png?409845,https://s3.amazonaws.com/st-avatars/production/15/thumb-1291727460.png?409845,false,false,0,false,false,false,false,false,0,3,true,5,,,,5,howardlindzon,Mon Jul 13 15:51:57 UTC 2009,Mon Jul 13 15:51:57 UTC 2009
409847,@Valueplays use your real name I think todd and picture,5,howardlindzon,default,normal,http://avatars.stocktwits.com/production/5/thumb-1314510834.png?409847,https://s3.amazonaws.com/st-avatars/production/5/thumb-1314510834.png?409847,false,false,0,false,false,false,false,false,2,0,true,18,,,,18,Valueplays,Mon Jul 13 15:52:10 UTC 2009,Mon Jul 13 15:52:10 UTC 2009
409849,@upsidetrader love the avatar,7,Marissa,default,normal,http://avatars.stocktwits.com/production/7/thumb-1259098683.png?409849,https://s3.amazonaws.com/st-avatars/production/7/thumb-1259098683.png?409849,false,false,0,false,false,false,false,false,2,4,false,11,,,,11,upsidetrader,Mon Jul 13 15:52:19 UTC 2009,Mon Jul 13 15:52:19 UTC 2009
409850,@upsidetrader you rock.,5,howardlindzon,default,normal,http://avatars.stocktwits.com/production/5/thumb-1314510834.png?409850,https://s3.amazonaws.com/st-avatars/production/5/thumb-1314510834.png?409850,false,false,0,false,false,false,false,false,2,0,true,11,,,,11,upsidetrader,Mon Jul 13 15:52:21 UTC 2009,Mon Jul 13 15:52:21 UTC 2009
409855,@stevenplace please record and send all this to alpha@stocktwits.com so I can organize it all,3,sorenmacbeth,default,normal,http://avatars.stocktwits.com/production/3/thumb-1315848023.png?409855,https://s3.amazonaws.com/st-avatars/production/3/thumb-1315848023.png?409855,false,false,0,false,false,false,false,false,6,3,true,15,,,,15,stevenplace,Mon Jul 13 15:53:02 UTC 2009,Mon Jul 13 15:53:02 UTC 2009
409856,stacked a stream of only my updates under the recommended list :),7,Marissa,default,normal,http://avatars.stocktwits.com/production/7/thumb-1259098683.png?409856,https://s3.amazonaws.com/st-avatars/production/7/thumb-1259098683.png?409856,false,false,0,false,false,false,false,false,2,4,false,,,,,,,Mon Jul 13 15:53:12 UTC 2009,Mon Jul 13 15:53:12 UTC 2009
409859,@stevenplace do what soren says pls :),5,howardlindzon,default,normal,http://avatars.stocktwits.com/production/5/thumb-1314510834.png?409859,https://s3.amazonaws.com/st-avatars/production/5/thumb-1314510834.png?409859,false,false,0,false,false,false,false,false,2,0,true,15,,,,15,stevenplace,Mon Jul 13 15:53:28 UTC 2009,Mon Jul 13 15:53:28 UTC 2009
409863,one great feature everybody is STACKABLE STREAMS,5,howardlindzon,default,normal,http://avatars.stocktwits.com/production/5/thumb-1314510834.png?409863,https://s3.amazonaws.com/st-avatars/production/5/thumb-1314510834.png?409863,false,false,0,false,false,false,false,false,2,0,true,,,,,,,Mon Jul 13 15:53:46 UTC 2009,Mon Jul 13 15:53:46 UTC 2009
409868,who is this guy @howardlindzon and how did he get an invite? seems spammy to me,15,stevenplace,default,normal,http://avatars.stocktwits.com/production/15/thumb-1291727460.png?409868,https://s3.amazonaws.com/st-avatars/production/15/thumb-1291727460.png?409868,false,false,0,false,false,false,false,false,0,3,true,5,,,,5,howardlindzon,Mon Jul 13 15:54:41 UTC 2009,Mon Jul 13 15:54:41 UTC 2009
409879,@sorenmacbeth you should not have to follow people to dm them.  it&amp;#39;s enough that they foolow u! in twitter,5,howardlindzon,default,normal,http://avatars.stocktwits.com/production/5/thumb-1314510834.png?409879,https://s3.amazonaws.com/st-avatars/production/5/thumb-1314510834.png?409879,false,false,0,false,false,false,false,false,3,0,true,3,,,,3,sorenmacbeth,Mon Jul 13 15:55:58 UTC 2009,Mon Jul 13 15:55:58 UTC 2009
409882,"@stevenplace damn, Dennis Kneale hacked Howard&amp;#39;s account here.",14,agwarner,default,normal,http://avatars.stocktwits.com/production/14/thumb-1278536029.png?409882,https://s3.amazonaws.com/st-avatars/production/14/thumb-1278536029.png?409882,false,false,0,false,false,false,false,false,0,0,true,15,,,,15,stevenplace,Mon Jul 13 15:56:05 UTC 2009,Mon Jul 13 15:56:05 UTC 2009
409885,"First comment...the dialog box [top left, red], isn&amp;#39;t clear enough IMHO as the thing you click on to start leaving comments",17,JasonWood,default,normal,http://avatars.stocktwits.com/production/17/thumb-1264518135.png?409885,https://s3.amazonaws.com/st-avatars/production/17/thumb-1264518135.png?409885,false,false,0,false,false,false,false,false,2,4,true,,,,,,,Mon Jul 13 15:57:06 UTC 2009,Mon Jul 13 15:57:06 UTC 2009
409889,Should we use our real  names versus our Twitter IDs in here? I assumed it had to be the same,17,JasonWood,default,normal,http://avatars.stocktwits.com/production/17/thumb-1264518135.png?409889,https://s3.amazonaws.com/st-avatars/production/17/thumb-1264518135.png?409889,false,false,0,false,false,false,false,false,2,4,true,,,,,,,Mon Jul 13 15:57:31 UTC 2009,Mon Jul 13 15:57:31 UTC 2009
409890,"SELL -10 VERTICAL $IYR 100 AUG 09 32/34 CALL @.80 LMT -- We still use $ in front of tickers, right?",15,stevenplace,default,normal,http://avatars.stocktwits.com/production/15/thumb-1291727460.png?409890,https://s3.amazonaws.com/st-avatars/production/15/thumb-1291727460.png?409890,false,false,0,false,false,false,false,false,1,3,true,,5953,IYR,,,,Mon Jul 13 15:57:39 UTC 2009,Mon Jul 13 15:57:39 UTC 2009
409892,"@upsidetrader click title, hold and drag",15,stevenplace,default,normal,http://avatars.stocktwits.com/production/15/thumb-1291727460.png?409892,https://s3.amazonaws.com/st-avatars/production/15/thumb-1291727460.png?409892,false,false,0,false,false,false,false,false,1,3,true,11,,,,11,upsidetrader,Mon Jul 13 15:58:04 UTC 2009,Mon Jul 13 15:58:04 UTC 2009
409893,@upsidetrader just click and drag the header,17,JasonWood,default,normal,http://avatars.stocktwits.com/production/17/thumb-1264518135.png?409893,https://s3.amazonaws.com/st-avatars/production/17/thumb-1264518135.png?409893,false,false,0,false,false,false,false,false,2,4,true,11,,,,11,upsidetrader,Mon Jul 13 15:58:06 UTC 2009,Mon Jul 13 15:58:06 UTC 2009
409896,@howardlindzon fixed it,18,ToddSullivan,default,normal,http://avatars.stocktwits.com/production/18/thumb-1321548718.png?409896,https://s3.amazonaws.com/st-avatars/production/18/thumb-1321548718.png?409896,false,false,0,false,false,false,false,false,0,0,true,5,,,,5,howardlindzon,Mon Jul 13 15:58:43 UTC 2009,Mon Jul 13 15:58:43 UTC 2009
409916,@upsidetrader says I can&amp;#39;t DM you b/c you aren&amp;#39;t following me buddy,17,JasonWood,default,normal,http://avatars.stocktwits.com/production/17/thumb-1264518135.png?409916,https://s3.amazonaws.com/st-avatars/production/17/thumb-1264518135.png?409916,false,false,0,false,false,false,false,false,2,5,true,11,,,,11,upsidetrader,Mon Jul 13 16:00:56 UTC 2009,Mon Jul 13 16:00:56 UTC 2009
409924,can i import the people in twitter i follow here?,18,ToddSullivan,default,normal,http://avatars.stocktwits.com/production/18/thumb-1321548718.png?409924,https://s3.amazonaws.com/st-avatars/production/18/thumb-1321548718.png?409924,false,false,0,false,false,false,false,false,3,0,true,,,,,,,Mon Jul 13 16:02:35 UTC 2009,Mon Jul 13 16:02:35 UTC 2009
409933,"@upsidetrader hey, can&amp;#39;t lose any more ground at least until Thursday",14,agwarner,default,normal,http://avatars.stocktwits.com/production/14/thumb-1278536029.png?409933,https://s3.amazonaws.com/st-avatars/production/14/thumb-1278536029.png?409933,false,false,0,false,false,false,false,false,0,0,true,11,,,,11,upsidetrader,Mon Jul 13 16:04:16 UTC 2009,Mon Jul 13 16:04:16 UTC 2009
409937,"if you CC Twitter, does that post over there too?",14,agwarner,default,normal,http://avatars.stocktwits.com/production/14/thumb-1278536029.png?409937,https://s3.amazonaws.com/st-avatars/production/14/thumb-1278536029.png?409937,false,false,0,false,false,false,false,false,1,0,true,,,,,,,Mon Jul 13 16:04:59 UTC 2009,Mon Jul 13 16:04:59 UTC 2009
409940,@agwarner yes,18,ToddSullivan,default,normal,http://avatars.stocktwits.com/production/18/thumb-1321548718.png?409940,https://s3.amazonaws.com/st-avatars/production/18/thumb-1321548718.png?409940,false,false,0,false,false,false,false,false,3,0,true,14,,,,14,agwarner,Mon Jul 13 16:05:07 UTC 2009,Mon Jul 13 16:05:07 UTC 2009
409941,How do I see dm&amp;#39;s?,15,stevenplace,default,normal,http://avatars.stocktwits.com/production/15/thumb-1291727460.png?409941,https://s3.amazonaws.com/st-avatars/production/15/thumb-1291727460.png?409941,false,false,0,false,false,false,false,false,3,3,true,,,,,,,Mon Jul 13 16:05:12 UTC 2009,Mon Jul 13 16:05:12 UTC 2009
409942,"@howardlindzon the accounts are totally seperate, following on twitter as nothing to do with followin in premium.",3,sorenmacbeth,default,normal,http://avatars.stocktwits.com/production/3/thumb-1315848023.png?409942,https://s3.amazonaws.com/st-avatars/production/3/thumb-1315848023.png?409942,false,false,0,false,false,false,false,false,7,7,true,5,,,,5,howardlindzon,Mon Jul 13 16:05:15 UTC 2009,Mon Jul 13 16:05:15 UTC 2009
409945,@ToddSullivan thanks,14,agwarner,default,normal,http://avatars.stocktwits.com/production/14/thumb-1278536029.png?409945,https://s3.amazonaws.com/st-avatars/production/14/thumb-1278536029.png?409945,false,false,0,false,false,false,false,false,1,0,true,18,,,,18,ToddSullivan,Mon Jul 13 16:05:34 UTC 2009,Mon Jul 13 16:05:34 UTC 2009
409946,"@howardlindzon until we have the twitter importer, have to do it manually. ",3,sorenmacbeth,default,normal,http://avatars.stocktwits.com/production/3/thumb-1315848023.png?409946,https://s3.amazonaws.com/st-avatars/production/3/thumb-1315848023.png?409946,false,false,0,false,false,false,false,false,7,7,true,5,,,,5,howardlindzon,Mon Jul 13 16:05:34 UTC 2009,Mon Jul 13 16:05:34 UTC 2009
409949,@stevenplace add your direct message column from the add streams dialog,3,sorenmacbeth,default,normal,http://avatars.stocktwits.com/production/3/thumb-1315848023.png?409949,https://s3.amazonaws.com/st-avatars/production/3/thumb-1315848023.png?409949,false,false,0,false,false,false,false,false,7,7,true,15,,,,15,stevenplace,Mon Jul 13 16:05:50 UTC 2009,Mon Jul 13 16:05:50 UTC 2009
409952,"follow sorenmacbeth",19,jcal7,default,normal,http://avatars.stocktwits.com/production/19/thumb-1247500995.png?409952,https://s3.amazonaws.com/st-avatars/production/19/thumb-1247500995.png?409952,false,false,0,false,false,false,false,false,0,0,false,,,,,,,Mon Jul 13 16:06:06 UTC 2009,Mon Jul 13 16:06:06 UTC 2009
409953,"@upsidetrader its not a patentable service, just aflex product",5,howardlindzon,default,normal,http://avatars.stocktwits.com/production/5/thumb-1314510834.png?409953,https://s3.amazonaws.com/st-avatars/production/5/thumb-1314510834.png?409953,false,false,0,false,false,false,false,false,3,0,true,11,,,,11,upsidetrader,Mon Jul 13 16:06:13 UTC 2009,Mon Jul 13 16:06:13 UTC 2009
409954,follow howardlindzon,19,jcal7,default,normal,http://avatars.stocktwits.com/production/19/thumb-1247500995.png?409954,https://s3.amazonaws.com/st-avatars/production/19/thumb-1247500995.png?409954,false,false,0,false,false,false,false,false,0,0,false,,,,,,,Mon Jul 13 16:06:13 UTC 2009,Mon Jul 13 16:06:13 UTC 2009
409958,"@sorenmacbeth one small bug in profile, website requires &amp;quot;http://&amp;quot; versus just the www",19,jcal7,default,normal,http://avatars.stocktwits.com/production/19/thumb-1247500995.png?409958,https://s3.amazonaws.com/st-avatars/production/19/thumb-1247500995.png?409958,false,false,0,false,false,false,false,false,0,0,false,3,,,,3,sorenmacbeth,Mon Jul 13 16:06:24 UTC 2009,Mon Jul 13 16:06:24 UTC 2009
409965,couldnt dm soren due to no follow,19,jcal7,default,normal,http://avatars.stocktwits.com/production/19/thumb-1247500995.png?409965,https://s3.amazonaws.com/st-avatars/production/19/thumb-1247500995.png?409965,false,false,0,false,false,false,false,false,1,0,false,,,,,,,Mon Jul 13 16:07:54 UTC 2009,Mon Jul 13 16:07:54 UTC 2009
409972,putting a chart in a tab = sweet,19,jcal7,default,normal,http://avatars.stocktwits.com/production/19/thumb-1247500995.png?409972,https://s3.amazonaws.com/st-avatars/production/19/thumb-1247500995.png?409972,false,false,0,false,false,false,false,false,1,0,false,,,,,,,Mon Jul 13 16:08:40 UTC 2009,Mon Jul 13 16:08:40 UTC 2009
409974,"suggestion, when i get an &amp;quot;ia following you&amp;quot; email from ST, provide like back to that persons profile so i can easily find and follow them ",18,ToddSullivan,default,normal,http://avatars.stocktwits.com/production/18/thumb-1321548718.png?409974,https://s3.amazonaws.com/st-avatars/production/18/thumb-1321548718.png?409974,false,false,0,false,false,false,false,false,4,3,true,,,,,,,Mon Jul 13 16:09:34 UTC 2009,Mon Jul 13 16:09:34 UTC 2009
409975,new pic,7,Marissa,default,normal,http://avatars.stocktwits.com/production/7/thumb-1259098683.png?409975,https://s3.amazonaws.com/st-avatars/production/7/thumb-1259098683.png?409975,false,false,0,false,false,false,false,false,4,7,false,,,,,,,Mon Jul 13 16:09:37 UTC 2009,Mon Jul 13 16:09:37 UTC 2009
409976,also editing tabs to label them a nice touch,19,jcal7,default,normal,http://avatars.stocktwits.com/production/19/thumb-1247500995.png?409976,https://s3.amazonaws.com/st-avatars/production/19/thumb-1247500995.png?409976,false,false,0,false,false,false,false,false,1,0,false,,,,,,,Mon Jul 13 16:09:47 UTC 2009,Mon Jul 13 16:09:47 UTC 2009
409978,"@Marissa New pic, same great stocktwits gear.",2,genevate,default,normal,http://avatars.stocktwits.com/production/2/thumb-1330556785.png?409978,https://s3.amazonaws.com/st-avatars/production/2/thumb-1330556785.png?409978,false,false,0,false,false,false,false,false,2,2,false,7,,,,7,Marissa,Mon Jul 13 16:10:14 UTC 2009,Mon Jul 13 16:10:14 UTC 2009
409980,"@Marissa the wife&amp;#39;s yelling at me to get a ST shirt, where&amp;#39;s the merch page? (if any)",15,stevenplace,default,normal,http://avatars.stocktwits.com/production/15/thumb-1291727460.png?409980,https://s3.amazonaws.com/st-avatars/production/15/thumb-1291727460.png?409980,false,false,0,false,false,false,false,false,4,4,true,7,,,,7,Marissa,Mon Jul 13 16:10:23 UTC 2009,Mon Jul 13 16:10:23 UTC 2009
409987,"woah, i&amp;#39;m pretty popular on premium",7,Marissa,default,normal,http://avatars.stocktwits.com/production/7/thumb-1259098683.png?409987,https://s3.amazonaws.com/st-avatars/production/7/thumb-1259098683.png?409987,false,false,0,false,false,false,false,false,5,7,false,,,,,,,Mon Jul 13 16:10:50 UTC 2009,Mon Jul 13 16:10:50 UTC 2009
409998,@genevate reppin hardcore,7,Marissa,default,normal,http://avatars.stocktwits.com/production/7/thumb-1259098683.png?409998,https://s3.amazonaws.com/st-avatars/production/7/thumb-1259098683.png?409998,false,false,0,false,false,false,false,false,5,7,false,2,,,,2,genevate,Mon Jul 13 16:12:02 UTC 2009,Mon Jul 13 16:12:02 UTC 2009
409999,@jcal7 welcome to alpha,5,howardlindzon,default,normal,http://avatars.stocktwits.com/production/5/thumb-1314510834.png?409999,https://s3.amazonaws.com/st-avatars/production/5/thumb-1314510834.png?409999,false,false,0,false,false,false,false,false,6,0,true,19,,,,19,jcal7,Mon Jul 13 16:12:04 UTC 2009,Mon Jul 13 16:12:04 UTC 2009
410002,@charlesamadeus welcome aboard,5,howardlindzon,default,normal,http://avatars.stocktwits.com/production/5/thumb-1314510834.png?410002,https://s3.amazonaws.com/st-avatars/production/5/thumb-1314510834.png?410002,false,false,0,false,false,false,false,false,6,0,true,13,,,,13,charlesamadeus,Mon Jul 13 16:12:17 UTC 2009,Mon Jul 13 16:12:17 UTC 2009
410003,can i shrink the colum width?,18,ToddSullivan,default,normal,http://avatars.stocktwits.com/production/18/thumb-1321548718.png?410003,https://s3.amazonaws.com/st-avatars/production/18/thumb-1321548718.png?410003,false,false,0,false,false,false,false,false,4,4,true,,,,,,,Mon Jul 13 16:12:27 UTC 2009,Mon Jul 13 16:12:27 UTC 2009
410004,@jcal7 thanks buddy,3,sorenmacbeth,default,normal,http://avatars.stocktwits.com/production/3/thumb-1315848023.png?410004,https://s3.amazonaws.com/st-avatars/production/3/thumb-1315848023.png?410004,false,false,0,false,false,false,false,false,8,8,true,19,,,,19,jcal7,Mon Jul 13 16:12:28 UTC 2009,Mon Jul 13 16:12:28 UTC 2009
410006,@ToddSullivan not yet. soon.,3,sorenmacbeth,default,normal,http://avatars.stocktwits.com/production/3/thumb-1315848023.png?410006,https://s3.amazonaws.com/st-avatars/production/3/thumb-1315848023.png?410006,false,false,0,false,false,false,false,false,8,8,true,18,,,,18,ToddSullivan,Mon Jul 13 16:12:38 UTC 2009,Mon Jul 13 16:12:38 UTC 2009
410008,@sorenmacbeth cool..,18,ToddSullivan,default,normal,http://avatars.stocktwits.com/production/18/thumb-1321548718.png?410008,https://s3.amazonaws.com/st-avatars/production/18/thumb-1321548718.png?410008,false,false,0,false,false,false,false,false,4,4,true,3,,,,3,sorenmacbeth,Mon Jul 13 16:12:47 UTC 2009,Mon Jul 13 16:12:47 UTC 2009
410021,very nice job folks.,21,kykim,default,normal,http://avatars.stocktwits.com/production/21/thumb-1305136396.png?410021,https://s3.amazonaws.com/st-avatars/production/21/thumb-1305136396.png?410021,false,false,0,false,false,false,false,false,0,0,false,,,,,,,Mon Jul 13 16:14:40 UTC 2009,Mon Jul 13 16:14:40 UTC 2009
410025,"alpha@stocktwits when i updated profile, it deleted all info that was in the profile from earlier. ",20,wsmco,default,normal,http://avatars.stocktwits.com/production/20/thumb-1247501328.png?410025,https://s3.amazonaws.com/st-avatars/production/20/thumb-1247501328.png?410025,false,false,0,false,false,false,false,false,0,0,true,"",,,,,,Mon Jul 13 16:15:12 UTC 2009,Mon Jul 13 16:15:12 UTC 2009
410026,loving this so far!,12,stein,default,normal,http://avatars.stocktwits.com/production/12/thumb-1247499402.png?410026,https://s3.amazonaws.com/st-avatars/production/12/thumb-1247499402.png?410026,false,false,0,false,false,false,false,false,0,0,false,,,,,,,Mon Jul 13 16:15:16 UTC 2009,Mon Jul 13 16:15:16 UTC 2009
410033,"While I admit to running a dinky computer, this app isn&amp;#39;t making my computer any faster. I hope it can be optimized for $300 netbooks.",13,charlesamadeus,default,normal,http://avatars.stocktwits.com/production/13/thumb-1253109118.png?410033,https://s3.amazonaws.com/st-avatars/production/13/thumb-1253109118.png?410033,false,false,0,false,false,false,false,false,2,10,true,,,,,,,Mon Jul 13 16:16:14 UTC 2009,Mon Jul 13 16:16:14 UTC 2009
410064,running this and tweetdeck kills my computer - any change of adding a generic twitter stream?,21,kykim,default,normal,http://avatars.stocktwits.com/production/21/thumb-1305136396.png?410064,https://s3.amazonaws.com/st-avatars/production/21/thumb-1305136396.png?410064,false,false,0,false,false,false,false,false,1,6,false,,,,,,,Mon Jul 13 16:22:44 UTC 2009,Mon Jul 13 16:22:44 UTC 2009
410084,very elegant environ. am w/ todd on needing to import twitter ppl i follow and also make columns thinner. ,20,wsmco,default,normal,http://avatars.stocktwits.com/production/20/thumb-1247501328.png?410084,https://s3.amazonaws.com/st-avatars/production/20/thumb-1247501328.png?410084,false,false,0,false,false,false,false,false,1,0,true,,,,,,,Mon Jul 13 16:27:00 UTC 2009,Mon Jul 13 16:27:00 UTC 2009
410096,@stevenplace  http://bit.ly/1alfjy  lindzon took away my power to give away a tshirt,7,Marissa,default,normal,http://avatars.stocktwits.com/production/7/thumb-1259098683.png?410096,https://s3.amazonaws.com/st-avatars/production/7/thumb-1259098683.png?410096,false,false,0,false,false,false,false,false,6,8,false,15,,,,15,stevenplace,Mon Jul 13 16:30:39 UTC 2009,Mon Jul 13 16:30:39 UTC 2009
410104,"@wsmco thanks, both of those items are in the roadmap",3,sorenmacbeth,default,normal,http://avatars.stocktwits.com/production/3/thumb-1315848023.png?410104,https://s3.amazonaws.com/st-avatars/production/3/thumb-1315848023.png?410104,false,false,0,false,false,false,false,false,9,8,true,20,,,,20,wsmco,Mon Jul 13 16:33:16 UTC 2009,Mon Jul 13 16:33:16 UTC 2009
410109,"once again, after playing around, please forward all your feedback via email to alpha@stocktwits.com, I really appreciate it!",3,sorenmacbeth,default,normal,http://avatars.stocktwits.com/production/3/thumb-1315848023.png?410109,https://s3.amazonaws.com/st-avatars/production/3/thumb-1315848023.png?410109,false,false,0,false,false,false,false,false,9,8,true,"",,,,,,Mon Jul 13 16:33:52 UTC 2009,Mon Jul 13 16:33:52 UTC 2009
410114,@sorenmacbeth cool. this is really gorgeous. ,20,wsmco,default,normal,http://avatars.stocktwits.com/production/20/thumb-1247501328.png?410114,https://s3.amazonaws.com/st-avatars/production/20/thumb-1247501328.png?410114,false,false,0,false,false,false,false,false,1,0,true,3,,,,3,sorenmacbeth,Mon Jul 13 16:34:24 UTC 2009,Mon Jul 13 16:34:24 UTC 2009
410116,"@charlesamadeus nothing has been optimized yet performancewise, but that is definitely a concern and wil be done.",3,sorenmacbeth,default,normal,http://avatars.stocktwits.com/production/3/thumb-1315848023.png?410116,https://s3.amazonaws.com/st-avatars/production/3/thumb-1315848023.png?410116,false,false,0,false,false,false,false,false,9,8,true,13,,,,13,charlesamadeus,Mon Jul 13 16:34:37 UTC 2009,Mon Jul 13 16:34:37 UTC 2009
410136,@wsmco great pic movie star,5,howardlindzon,default,normal,http://avatars.stocktwits.com/production/5/thumb-1314510834.png?410136,https://s3.amazonaws.com/st-avatars/production/5/thumb-1314510834.png?410136,false,false,0,false,false,false,false,false,7,0,true,20,,,,20,wsmco,Mon Jul 13 16:39:28 UTC 2009,Mon Jul 13 16:39:28 UTC 2009
410146,@JasonWood its doesn&amp;#39;t have to be the same. it can be whatever you like.,3,sorenmacbeth,default,normal,http://avatars.stocktwits.com/production/3/thumb-1315848023.png?410146,https://s3.amazonaws.com/st-avatars/production/3/thumb-1315848023.png?410146,false,false,0,false,false,false,false,false,10,8,true,17,,,,17,JasonWood,Mon Jul 13 16:42:17 UTC 2009,Mon Jul 13 16:42:17 UTC 2009
410176,@TodayTrader welcome,3,sorenmacbeth,default,normal,http://avatars.stocktwits.com/production/3/thumb-1315848023.png?410176,https://s3.amazonaws.com/st-avatars/production/3/thumb-1315848023.png?410176,false,false,0,false,false,false,false,false,11,8,true,23,,,,23,TodayTrader,Mon Jul 13 16:48:17 UTC 2009,Mon Jul 13 16:48:17 UTC 2009
410182,@howardlindzon nice. i was getting overwhelmed w idiots sending cynthia drinks and smiles. ,20,wsmco,default,normal,http://avatars.stocktwits.com/production/20/thumb-1247501328.png?410182,https://s3.amazonaws.com/st-avatars/production/20/thumb-1247501328.png?410182,false,false,0,false,false,false,false,false,2,1,true,5,,,,5,howardlindzon,Mon Jul 13 16:49:35 UTC 2009,Mon Jul 13 16:49:35 UTC 2009
410188,"@upsidetrader yeah, yeah, you say that to all the traders....",20,wsmco,default,normal,http://avatars.stocktwits.com/production/20/thumb-1247501328.png?410188,https://s3.amazonaws.com/st-avatars/production/20/thumb-1247501328.png?410188,false,false,0,false,false,false,false,false,2,2,true,11,,,,11,upsidetrader,Mon Jul 13 16:50:57 UTC 2009,Mon Jul 13 16:50:57 UTC 2009
410192,@howardlindzon love the soviet red -- can you add a hammer and sickle?,22,sparkycollier,default,normal,http://avatars.stocktwits.com/production/22/thumb-1247503391.png?410192,https://s3.amazonaws.com/st-avatars/production/22/thumb-1247503391.png?410192,false,false,0,false,false,false,false,false,1,5,false,5,,,,5,howardlindzon,Mon Jul 13 16:52:40 UTC 2009,Mon Jul 13 16:52:40 UTC 2009
410195,@sparkycollier Hammer adn sickle comign right up.,2,genevate,default,normal,http://avatars.stocktwits.com/production/2/thumb-1330556785.png?410195,https://s3.amazonaws.com/st-avatars/production/2/thumb-1330556785.png?410195,false,false,0,false,false,false,false,false,3,3,false,22,,,,22,sparkycollier,Mon Jul 13 16:53:16 UTC 2009,Mon Jul 13 16:53:16 UTC 2009
410199,@sparkycollier isn&amp;#39;t that already the $RAX logo though?,3,sorenmacbeth,default,normal,http://avatars.stocktwits.com/production/3/thumb-1315848023.png?410199,https://s3.amazonaws.com/st-avatars/production/3/thumb-1315848023.png?410199,false,false,0,false,false,false,false,false,12,9,true,22,6982,RAX,,22,sparkycollier,Mon Jul 13 16:53:44 UTC 2009,Mon Jul 13 16:53:44 UTC 2009
410201,@upsidetrader good to see you in the brave new world,22,sparkycollier,default,normal,http://avatars.stocktwits.com/production/22/thumb-1247503391.png?410201,https://s3.amazonaws.com/st-avatars/production/22/thumb-1247503391.png?410201,false,false,0,false,false,false,false,false,2,8,false,11,,,,11,upsidetrader,Mon Jul 13 16:54:24 UTC 2009,Mon Jul 13 16:54:24 UTC 2009
410210,@sparkycollier sure.  for you anything,5,howardlindzon,default,normal,http://avatars.stocktwits.com/production/5/thumb-1314510834.png?410210,https://s3.amazonaws.com/st-avatars/production/5/thumb-1314510834.png?410210,false,false,0,false,false,false,false,false,11,0,true,22,,,,22,sparkycollier,Mon Jul 13 16:56:56 UTC 2009,Mon Jul 13 16:56:56 UTC 2009
410215,First Stocktwits premium Tweet. Good Start. Missing some bells and whistles.,24,rosswhiting,default,normal,http://avatars.stocktwits.com/production/24/thumb-1247504614.png?410215,https://s3.amazonaws.com/st-avatars/production/24/thumb-1247504614.png?410215,false,false,0,false,false,false,false,false,1,4,false,,,,,,,Mon Jul 13 16:58:11 UTC 2009,Mon Jul 13 16:58:11 UTC 2009
410235,Looks very cool - congrats everyone,26,alanwarms,default,normal,http://avatars.stocktwits.com/production/26/thumb-1253119989.png?410235,https://s3.amazonaws.com/st-avatars/production/26/thumb-1253119989.png?410235,false,false,0,false,false,false,false,false,0,0,false,,,,,,,Mon Jul 13 17:02:16 UTC 2009,Mon Jul 13 17:02:16 UTC 2009
410246,Update.,24,rosswhiting,default,normal,http://avatars.stocktwits.com/production/24/thumb-1247504614.png?410246,https://s3.amazonaws.com/st-avatars/production/24/thumb-1247504614.png?410246,false,false,0,false,false,false,false,false,3,5,false,,,,,,,Mon Jul 13 17:05:49 UTC 2009,Mon Jul 13 17:05:49 UTC 2009
410253,alpha@stocktwits i could do w/o the additional &amp;quot;do you want to close this tab&amp;quot; window. ,20,wsmco,default,normal,http://avatars.stocktwits.com/production/20/thumb-1247501328.png?410253,https://s3.amazonaws.com/st-avatars/production/20/thumb-1247501328.png?410253,false,false,0,false,false,false,false,false,4,2,true,"",,,,,,Mon Jul 13 17:06:45 UTC 2009,Mon Jul 13 17:06:45 UTC 2009
410257,#STPremium Digging the post specific group fnc,24,rosswhiting,default,normal,http://avatars.stocktwits.com/production/24/thumb-1247504614.png?410257,https://s3.amazonaws.com/st-avatars/production/24/thumb-1247504614.png?410257,false,false,0,false,false,false,false,false,3,5,false,,,,,,,Mon Jul 13 17:07:04 UTC 2009,Mon Jul 13 17:07:04 UTC 2009
410262,Nice job @sorenmacbeth building this baby.,23,TodayTrader,default,normal,http://avatars.stocktwits.com/production/23/thumb-1247503579.png?410262,https://s3.amazonaws.com/st-avatars/production/23/thumb-1247503579.png?410262,false,false,0,false,false,false,false,false,0,6,true,3,,,,3,sorenmacbeth,Mon Jul 13 17:09:04 UTC 2009,Mon Jul 13 17:09:04 UTC 2009
410269,Wish there was an import from twitter my followers fnc #STPremium,24,rosswhiting,default,normal,http://avatars.stocktwits.com/production/24/thumb-1247504614.png?410269,https://s3.amazonaws.com/st-avatars/production/24/thumb-1247504614.png?410269,false,false,0,false,false,false,false,false,3,5,false,,,,,,,Mon Jul 13 17:09:55 UTC 2009,Mon Jul 13 17:09:55 UTC 2009
410285,#STPremium Wish there was a drop down of popular hash tags that got inserted so I do re-invent the wheel and add to a going stream. ,24,rosswhiting,default,normal,http://avatars.stocktwits.com/production/24/thumb-1247504614.png?410285,https://s3.amazonaws.com/st-avatars/production/24/thumb-1247504614.png?410285,false,false,0,false,false,false,false,false,3,5,false,,,,,,,Mon Jul 13 17:13:20 UTC 2009,Mon Jul 13 17:13:20 UTC 2009
410289,#STPremium Wish there was a Ticker Stream of market news that could be filtered on the fly by #hash or not.,24,rosswhiting,default,normal,http://avatars.stocktwits.com/production/24/thumb-1247504614.png?410289,https://s3.amazonaws.com/st-avatars/production/24/thumb-1247504614.png?410289,false,false,0,false,false,false,false,false,3,5,false,,,,,,,Mon Jul 13 17:14:51 UTC 2009,Mon Jul 13 17:14:51 UTC 2009
410297,STPremium myPortfolio Tracking please.,24,rosswhiting,default,normal,http://avatars.stocktwits.com/production/24/thumb-1247504614.png?410297,https://s3.amazonaws.com/st-avatars/production/24/thumb-1247504614.png?410297,false,false,0,false,false,false,false,false,3,5,false,,,,,,,Mon Jul 13 17:16:07 UTC 2009,Mon Jul 13 17:16:07 UTC 2009
410301,@rosswhiting please put all feedback into and email and shoot it off to alpha@stocktwits.com so I can track. Thanks!,3,sorenmacbeth,default,normal,http://avatars.stocktwits.com/production/3/thumb-1315848023.png?410301,https://s3.amazonaws.com/st-avatars/production/3/thumb-1315848023.png?410301,false,false,0,false,false,false,false,false,13,10,true,24,,,,24,rosswhiting,Mon Jul 13 17:17:00 UTC 2009,Mon Jul 13 17:17:00 UTC 2009
410303,@rosswhiting portfolios are called watchlists now. You can create as many as you like and add streams for each.,3,sorenmacbeth,default,normal,http://avatars.stocktwits.com/production/3/thumb-1315848023.png?410303,https://s3.amazonaws.com/st-avatars/production/3/thumb-1315848023.png?410303,false,false,0,false,false,false,false,false,13,10,true,24,,,,24,rosswhiting,Mon Jul 13 17:17:23 UTC 2009,Mon Jul 13 17:17:23 UTC 2009
410306,"@rosswhiting not here 15 minutes, and already complaining",21,kykim,default,normal,http://avatars.stocktwits.com/production/21/thumb-1305136396.png?410306,https://s3.amazonaws.com/st-avatars/production/21/thumb-1305136396.png?410306,false,false,0,false,false,false,false,false,1,7,false,24,,,,24,rosswhiting,Mon Jul 13 17:17:36 UTC 2009,Mon Jul 13 17:17:36 UTC 2009
410310,"@TodayTrader thanks! still a ways to go before 1.0, but working fast.",3,sorenmacbeth,default,normal,http://avatars.stocktwits.com/production/3/thumb-1315848023.png?410310,https://s3.amazonaws.com/st-avatars/production/3/thumb-1315848023.png?410310,false,false,0,false,false,false,false,false,13,10,true,23,,,,23,TodayTrader,Mon Jul 13 17:17:52 UTC 2009,Mon Jul 13 17:17:52 UTC 2009
410314,@kykim No complaining.  Love it.  Just giving thoughts.  Just giving love.  I want Stocktwits to go to the moon.  :)_,24,rosswhiting,default,normal,http://avatars.stocktwits.com/production/24/thumb-1247504614.png?410314,https://s3.amazonaws.com/st-avatars/production/24/thumb-1247504614.png?410314,false,false,0,false,false,false,false,false,3,5,false,21,,,,21,kykim,Mon Jul 13 17:18:51 UTC 2009,Mon Jul 13 17:18:51 UTC 2009
410323,im all tingly just being here....,27,ppearlman,default,normal,http://avatars.stocktwits.com/production/27/thumb-1265901407.png?410323,https://s3.amazonaws.com/st-avatars/production/27/thumb-1265901407.png?410323,false,false,0,false,false,false,false,false,0,0,true,,,,,,,Mon Jul 13 17:19:40 UTC 2009,Mon Jul 13 17:19:40 UTC 2009
410331,@sorenmacbeth Kool figuring it out. Well done.  Remember every second counts and you are the man.,24,rosswhiting,default,normal,http://avatars.stocktwits.com/production/24/thumb-1247504614.png?410331,https://s3.amazonaws.com/st-avatars/production/24/thumb-1247504614.png?410331,false,false,0,false,false,false,false,false,3,5,false,3,,,,3,sorenmacbeth,Mon Jul 13 17:21:23 UTC 2009,Mon Jul 13 17:21:23 UTC 2009
410354,@Marissa That you are.  Hot hoodie. :),24,rosswhiting,default,normal,http://avatars.stocktwits.com/production/24/thumb-1247504614.png?410354,https://s3.amazonaws.com/st-avatars/production/24/thumb-1247504614.png?410354,false,false,0,false,false,false,false,false,4,5,false,7,,,,7,Marissa,Mon Jul 13 17:24:09 UTC 2009,Mon Jul 13 17:24:09 UTC 2009
410370,....icles,27,ppearlman,default,normal,http://avatars.stocktwits.com/production/27/thumb-1265901407.png?410370,https://s3.amazonaws.com/st-avatars/production/27/thumb-1265901407.png?410370,false,false,0,false,false,false,false,false,1,9,true,,,,,,,Mon Jul 13 17:27:23 UTC 2009,Mon Jul 13 17:27:23 UTC 2009
410421,why dont i see my own tweets?,27,ppearlman,default,normal,http://avatars.stocktwits.com/production/27/thumb-1265901407.png?410421,https://s3.amazonaws.com/st-avatars/production/27/thumb-1265901407.png?410421,false,false,0,false,false,false,false,false,5,9,true,,,,,,,Mon Jul 13 17:37:02 UTC 2009,Mon Jul 13 17:37:02 UTC 2009
410438,Does Momentum Work?: At the beginning of the year I posted the 10 best performing stocks for 2008. The .. http://tr.im/s8ZI,24,rosswhiting,default,normal,http://avatars.stocktwits.com/production/24/thumb-1247504614.png?410438,https://s3.amazonaws.com/st-avatars/production/24/thumb-1247504614.png?410438,false,false,0,false,false,false,false,false,7,11,false,,,,,,,Mon Jul 13 17:42:06 UTC 2009,Mon Jul 13 17:42:06 UTC 2009
410448,Apple Touchscreen Netbook to Launch in October at $800? (Eric Slivka/MacRumors) http://bit.ly/Tq2In $AAPL,24,rosswhiting,default,normal,http://avatars.stocktwits.com/production/24/thumb-1247504614.png?410448,https://s3.amazonaws.com/st-avatars/production/24/thumb-1247504614.png?410448,false,false,0,false,false,false,false,false,7,11,false,,686,AAPL,,,,Mon Jul 13 17:44:22 UTC 2009,Mon Jul 13 17:44:22 UTC 2009
410484,"best avatar so far by far on StockTwits Premium: @rosswhiting .. sorry @wsmco, u looking pretty hot but ross hat the mad pic!",27,ppearlman,default,normal,http://avatars.stocktwits.com/production/27/thumb-1265901407.png?410484,https://s3.amazonaws.com/st-avatars/production/27/thumb-1265901407.png?410484,false,false,0,false,false,false,false,false,5,10,true,"20,24",,,,24,rosswhiting,Mon Jul 13 17:53:52 UTC 2009,Mon Jul 13 17:53:52 UTC 2009
410487,@ppearlman im still waiting on my hat....,20,wsmco,default,normal,http://avatars.stocktwits.com/production/20/thumb-1247501328.png?410487,https://s3.amazonaws.com/st-avatars/production/20/thumb-1247501328.png?410487,false,false,0,false,false,false,false,false,5,2,true,27,,,,27,ppearlman,Mon Jul 13 17:54:20 UTC 2009,Mon Jul 13 17:54:20 UTC 2009
410633,Stocktwits Premium Alpha chart integration in is wonderful. Now how about a partnership with Stockcharts.com and some intraday P&amp;amp;F? :),13,charlesamadeus,default,normal,http://avatars.stocktwits.com/production/13/thumb-1253109118.png?410633,https://s3.amazonaws.com/st-avatars/production/13/thumb-1253109118.png?410633,false,false,0,false,false,false,false,false,7,17,true,,,,,,,Mon Jul 13 18:30:11 UTC 2009,Mon Jul 13 18:30:11 UTC 2009
410645,@ppearlman thx p,24,rosswhiting,default,normal,http://avatars.stocktwits.com/production/24/thumb-1247504614.png?410645,https://s3.amazonaws.com/st-avatars/production/24/thumb-1247504614.png?410645,false,false,0,false,false,false,false,false,8,11,false,27,,,,27,ppearlman,Mon Jul 13 18:32:02 UTC 2009,Mon Jul 13 18:32:02 UTC 2009
410649,@charlesamadeus I like that idea.,3,sorenmacbeth,default,normal,http://avatars.stocktwits.com/production/3/thumb-1315848023.png?410649,https://s3.amazonaws.com/st-avatars/production/3/thumb-1315848023.png?410649,false,false,0,false,false,false,false,false,14,11,true,13,,,,13,charlesamadeus,Mon Jul 13 18:32:33 UTC 2009,Mon Jul 13 18:32:33 UTC 2009
410659,@wsmco second this motion.,24,rosswhiting,default,normal,http://avatars.stocktwits.com/production/24/thumb-1247504614.png?410659,https://s3.amazonaws.com/st-avatars/production/24/thumb-1247504614.png?410659,false,false,0,false,false,false,false,false,8,11,false,20,,,,20,wsmco,Mon Jul 13 18:36:32 UTC 2009,Mon Jul 13 18:36:32 UTC 2009
410672,Can I disable the close tab confirmation?,13,charlesamadeus,default,normal,http://avatars.stocktwits.com/production/13/thumb-1253109118.png?410672,https://s3.amazonaws.com/st-avatars/production/13/thumb-1253109118.png?410672,false,false,0,false,false,false,false,false,7,19,true,,,,,,,Mon Jul 13 18:40:26 UTC 2009,Mon Jul 13 18:40:26 UTC 2009
410797,@sorenmacbeth good point -- $RAX is all about the hammer and sickle - afterall the cloud is communist.  one to rule them all.,22,sparkycollier,default,normal,http://avatars.stocktwits.com/production/22/thumb-1247503391.png?410797,https://s3.amazonaws.com/st-avatars/production/22/thumb-1247503391.png?410797,false,false,0,false,false,false,false,false,6,8,false,3,6982,RAX,,3,sorenmacbeth,Mon Jul 13 19:11:30 UTC 2009,Mon Jul 13 19:11:30 UTC 2009
410927,"Oh, wow, very nice",28,tickerville,default,normal,http://avatars.stocktwits.com/production/28/thumb-1277135774.png?410927,https://s3.amazonaws.com/st-avatars/production/28/thumb-1277135774.png?410927,false,false,0,false,false,false,false,false,0,0,true,,,,,,,Mon Jul 13 19:34:21 UTC 2009,Mon Jul 13 19:34:21 UTC 2009
410937,A dedicated ST interface. Brilliant,28,tickerville,default,normal,http://avatars.stocktwits.com/production/28/thumb-1277135774.png?410937,https://s3.amazonaws.com/st-avatars/production/28/thumb-1277135774.png?410937,false,false,0,false,false,false,false,false,0,0,true,,,,,,,Mon Jul 13 19:36:38 UTC 2009,Mon Jul 13 19:36:38 UTC 2009
411091,@tickerville glad you like,5,howardlindzon,default,normal,http://avatars.stocktwits.com/production/5/thumb-1314510834.png?411091,https://s3.amazonaws.com/st-avatars/production/5/thumb-1314510834.png?411091,false,false,0,false,false,false,false,false,13,0,true,28,,,,28,tickerville,Mon Jul 13 20:00:01 UTC 2009,Mon Jul 13 20:00:01 UTC 2009
411104,Amazon bought Audible why not Netflix? How about black and white movies on your Kindle.,24,rosswhiting,default,normal,http://avatars.stocktwits.com/production/24/thumb-1247504614.png?411104,https://s3.amazonaws.com/st-avatars/production/24/thumb-1247504614.png?411104,false,false,0,false,false,false,false,false,9,11,false,,,,,,,Mon Jul 13 20:01:56 UTC 2009,Mon Jul 13 20:01:56 UTC 2009
411105,@rosswhiting tha would be cool,5,howardlindzon,default,normal,http://avatars.stocktwits.com/production/5/thumb-1314510834.png?411105,https://s3.amazonaws.com/st-avatars/production/5/thumb-1314510834.png?411105,false,false,0,false,false,false,false,false,13,0,true,24,,,,24,rosswhiting,Mon Jul 13 20:02:10 UTC 2009,Mon Jul 13 20:02:10 UTC 2009
411113,@howardlindzon fyi you know your @replies are showing up on Twitter stream. ,28,tickerville,default,normal,http://avatars.stocktwits.com/production/28/thumb-1277135774.png?411113,https://s3.amazonaws.com/st-avatars/production/28/thumb-1277135774.png?411113,false,false,0,false,false,false,false,false,1,0,true,5,,,,5,howardlindzon,Mon Jul 13 20:03:41 UTC 2009,Mon Jul 13 20:03:41 UTC 2009
411118,@howardlindzon How do I know what you are responding to.  STpremium gotta figure this one out.  The secret sauce of Twitter.,24,rosswhiting,default,normal,http://avatars.stocktwits.com/production/24/thumb-1247504614.png?411118,https://s3.amazonaws.com/st-avatars/production/24/thumb-1247504614.png?411118,false,false,0,false,false,false,false,false,9,11,false,5,,,,5,howardlindzon,Mon Jul 13 20:04:50 UTC 2009,Mon Jul 13 20:04:50 UTC 2009
411119,@rosswhiting Love $amzn and audible add in $nflx and they just need to add a better UI and they become dominant,2,genevate,default,normal,http://avatars.stocktwits.com/production/2/thumb-1330556785.png?411119,https://s3.amazonaws.com/st-avatars/production/2/thumb-1330556785.png?411119,false,false,0,false,false,false,false,false,5,4,false,24,"864,2839","AMZN,NFLX",,24,rosswhiting,Mon Jul 13 20:05:11 UTC 2009,Mon Jul 13 20:05:11 UTC 2009
411131,@rosswhiting we&amp;#39;re aware and it&amp;#39;s on th elist. gonna add in replyto links to messages,2,genevate,default,normal,http://avatars.stocktwits.com/production/2/thumb-1330556785.png?411131,https://s3.amazonaws.com/st-avatars/production/2/thumb-1330556785.png?411131,false,false,0,false,false,false,false,false,5,4,false,24,,,,24,rosswhiting,Mon Jul 13 20:06:38 UTC 2009,Mon Jul 13 20:06:38 UTC 2009
411140,"Like the little ticker banner on the STPremium streams.  When I post a ticker symbol in my twit. Simple, clean, pretty.  Nice UI",24,rosswhiting,default,normal,http://avatars.stocktwits.com/production/24/thumb-1247504614.png?411140,https://s3.amazonaws.com/st-avatars/production/24/thumb-1247504614.png?411140,false,false,0,false,false,false,false,false,9,11,false,,,,,,,Mon Jul 13 20:08:48 UTC 2009,Mon Jul 13 20:08:48 UTC 2009
411155,@rosswhiting You try clicking the tickers yet? Which do you like the ticker banner or the in message ticker function?,2,genevate,default,normal,http://avatars.stocktwits.com/production/2/thumb-1330556785.png?411155,https://s3.amazonaws.com/st-avatars/production/2/thumb-1330556785.png?411155,false,false,0,false,false,false,false,false,5,4,false,24,,,,24,rosswhiting,Mon Jul 13 20:13:06 UTC 2009,Mon Jul 13 20:13:06 UTC 2009
411160,@Marissa has mighty motley crew ,24,rosswhiting,default,normal,http://avatars.stocktwits.com/production/24/thumb-1247504614.png?411160,https://s3.amazonaws.com/st-avatars/production/24/thumb-1247504614.png?411160,false,false,0,false,false,false,false,false,9,11,false,7,,,,7,Marissa,Mon Jul 13 20:14:49 UTC 2009,Mon Jul 13 20:14:49 UTC 2009
411265,"@rosswhiting You can add an RSS stream, click add items then RSS Feed, paste in the feed url.",2,genevate,default,normal,http://avatars.stocktwits.com/production/2/thumb-1330556785.png?411265,https://s3.amazonaws.com/st-avatars/production/2/thumb-1330556785.png?411265,false,false,0,false,false,false,false,false,5,4,false,24,,,,24,rosswhiting,Mon Jul 13 20:51:50 UTC 2009,Mon Jul 13 20:51:50 UTC 2009
411283,@tickerville woops thx,5,howardlindzon,default,normal,http://avatars.stocktwits.com/production/5/thumb-1314510834.png?411283,https://s3.amazonaws.com/st-avatars/production/5/thumb-1314510834.png?411283,false,false,0,false,false,false,false,false,13,0,true,28,,,,28,tickerville,Mon Jul 13 20:58:36 UTC 2009,Mon Jul 13 20:58:36 UTC 2009
411322,follow @tonysphere,19,jcal7,default,normal,http://avatars.stocktwits.com/production/19/thumb-1247500995.png?411322,https://s3.amazonaws.com/st-avatars/production/19/thumb-1247500995.png?411322,false,false,0,false,false,false,false,false,3,0,false,6,,,,6,tonysphere,Mon Jul 13 21:24:11 UTC 2009,Mon Jul 13 21:24:11 UTC 2009
411324,@howardlindzon great to be here :). looks nice,19,jcal7,default,normal,http://avatars.stocktwits.com/production/19/thumb-1247500995.png?411324,https://s3.amazonaws.com/st-avatars/production/19/thumb-1247500995.png?411324,false,false,0,false,false,false,false,false,3,0,false,5,,,,5,howardlindzon,Mon Jul 13 21:24:41 UTC 2009,Mon Jul 13 21:24:41 UTC 2009
411327,"@jcal7 open a user profile and click the follow button there, or roll your mouseover a users icon, click the gear icon, and choose follow.",3,sorenmacbeth,default,normal,http://avatars.stocktwits.com/production/3/thumb-1315848023.png?411327,https://s3.amazonaws.com/st-avatars/production/3/thumb-1315848023.png?411327,false,false,0,false,false,false,false,false,14,12,true,19,,,,19,jcal7,Mon Jul 13 21:25:30 UTC 2009,Mon Jul 13 21:25:30 UTC 2009
411382,@genevate I like both.,24,rosswhiting,default,normal,http://avatars.stocktwits.com/production/24/thumb-1247504614.png?411382,https://s3.amazonaws.com/st-avatars/production/24/thumb-1247504614.png?411382,false,false,0,false,false,false,false,false,10,11,false,2,,,,2,genevate,Mon Jul 13 22:00:47 UTC 2009,Mon Jul 13 22:00:47 UTC 2009
411398,"@genevate Checking out the RSS stream.  Like the idea, but the functional is not so real time. If worked, I would like. Recommended RSS list",24,rosswhiting,default,normal,http://avatars.stocktwits.com/production/24/thumb-1247504614.png?411398,https://s3.amazonaws.com/st-avatars/production/24/thumb-1247504614.png?411398,false,false,0,false,false,false,false,false,10,11,false,2,,,,2,genevate,Mon Jul 13 22:10:42 UTC 2009,Mon Jul 13 22:10:42 UTC 2009
411402,@genevate Great. Thx for adding it.  It is like ordering a Big Mac and not getting the secret sauce. :),24,rosswhiting,default,normal,http://avatars.stocktwits.com/production/24/thumb-1247504614.png?411402,https://s3.amazonaws.com/st-avatars/production/24/thumb-1247504614.png?411402,false,false,0,false,false,false,false,false,10,11,false,2,,,,2,genevate,Mon Jul 13 22:12:21 UTC 2009,Mon Jul 13 22:12:21 UTC 2009
411409,@genevate When I add my Watchlist stream to a tab.  All I get is my twits on Apple and noone elses.  Try $APPL and see for yourself.,24,rosswhiting,default,normal,http://avatars.stocktwits.com/production/24/thumb-1247504614.png?411409,https://s3.amazonaws.com/st-avatars/production/24/thumb-1247504614.png?411409,false,false,0,false,false,false,false,false,10,11,false,2,"",,,2,genevate,Mon Jul 13 22:17:16 UTC 2009,Mon Jul 13 22:17:16 UTC 2009